[0m01:05:35.733501 [debug] [MainThread]: Sending event: {'category': 'dbt', 'action': 'invocation', 'label': 'start', 'context': [<snowplow_tracker.self_describing_json.SelfDescribingJson object at 0x107be01a0>, <snowplow_tracker.self_describing_json.SelfDescribingJson object at 0x1080a2e40>, <snowplow_tracker.self_describing_json.SelfDescribingJson object at 0x1080a0fe0>]}


============================== 01:05:35.759444 | 0dda3d7a-beee-437d-8b3a-4c4ac6c7207c ==============================
[0m01:05:35.759444 [info ] [MainThread]: Running with dbt=1.12.3
[0m01:05:35.759789 [debug] [MainThread]: running dbt with arguments {'printer_width': '80', 'log_path': '/Users/aray/strategic-data-platform/transform/logs', 'debug': 'False', 'fail_fast': 'False', 'warn_error_options': 'WarnErrorOptionsV2(error=[], warn=[], silence=[])', 'version_check': 'True', 'partial_parse': 'True', 'use_colors': 'True', 'introspect': 'True', 'hints_enabled': 'True', 'profiles_dir': '/Users/aray/strategic-data-platform/transform', 'static_parser': 'True', 'maximum_seed_size_mib': '1', 'no_print': 'None', 'write_json': 'True', 'log_cache_events': 'False', 'warn_error': 'None', 'empty': 'False', 'invocation_command': 'dbt build --project-dir /Users/aray/strategic-data-platform/transform --profiles-dir /Users/aray/strategic-data-platform/transform', 'use_experimental_parser': 'False', 'quiet': 'False', 'send_anonymous_usage_stats': 'True', 'cache_selected_only': 'False', 'log_format': 'default', 'indirect_selection': 'eager', 'target_path': 'None'}
[0m01:05:35.893115 [debug] [MainThread]: Sending event: {'category': 'dbt', 'action': 'project_id', 'label': '0dda3d7a-beee-437d-8b3a-4c4ac6c7207c', 'context': [<snowplow_tracker.self_describing_json.SelfDescribingJson object at 0x103c12a20>]}
[0m01:05:35.926047 [debug] [MainThread]: Sending event: {'category': 'dbt', 'action': 'adapter_info', 'label': '0dda3d7a-beee-437d-8b3a-4c4ac6c7207c', 'context': [<snowplow_tracker.self_describing_json.SelfDescribingJson object at 0x108232660>]}
[0m01:05:35.927713 [info ] [MainThread]: Registered adapter: duckdb=1.11.0
[0m01:05:35.995040 [debug] [MainThread]: checksum: df77d024545beffdfb3dcaa2a34280d40752d6e75935d5d6fc61c6a7bf2279f2, vars: {}, profile: sdp, target: dev, version: 1.12.3
[0m01:05:35.995510 [info ] [MainThread]: Unable to do partial parsing because saved manifest not found. Starting full parse.
[0m01:05:35.995729 [debug] [MainThread]: Sending event: {'category': 'dbt', 'action': 'partial_parser', 'label': '0dda3d7a-beee-437d-8b3a-4c4ac6c7207c', 'context': [<snowplow_tracker.self_describing_json.SelfDescribingJson object at 0x108281a90>]}
[0m01:05:36.793742 [warn ] [MainThread]: [[33mWARNING[0m][MissingArgumentsPropertyInGenericTestDeprecation]: Deprecated
functionality
Found top-level arguments to test `accepted_values` defined on
'stg_corporate_actions' in package 'sdp' (models/staging/schema.yml). Arguments
to generic tests should be nested under the `arguments` property.
[0m01:05:36.794093 [debug] [MainThread]: Sending event: {'category': 'dbt', 'action': 'deprecation', 'label': '0dda3d7a-beee-437d-8b3a-4c4ac6c7207c', 'property_': 'warn', 'context': [<snowplow_tracker.self_describing_json.SelfDescribingJson object at 0x10865d700>]}
[0m01:05:36.855598 [debug] [MainThread]: Sending event: {'category': 'dbt', 'action': 'load_project', 'label': '0dda3d7a-beee-437d-8b3a-4c4ac6c7207c', 'context': [<snowplow_tracker.self_describing_json.SelfDescribingJson object at 0x10865d7c0>]}
[0m01:05:36.915899 [debug] [MainThread]: Wrote artifact WritableManifest to /Users/aray/strategic-data-platform/transform/target/manifest.json
[0m01:05:36.917907 [debug] [MainThread]: Wrote artifact SemanticManifest to /Users/aray/strategic-data-platform/transform/target/semantic_manifest.json
[0m01:05:36.943377 [debug] [MainThread]: Wrote artifact OsiDocument to /Users/aray/strategic-data-platform/transform/target/osi_document.json
[0m01:05:37.044672 [debug] [MainThread]: Sending event: {'category': 'dbt', 'action': 'resource_counts', 'label': '0dda3d7a-beee-437d-8b3a-4c4ac6c7207c', 'context': [<snowplow_tracker.self_describing_json.SelfDescribingJson object at 0x10a443530>]}
[0m01:05:37.045002 [info ] [MainThread]: Found 3 models, 21 data tests, 502 macros
[0m01:05:37.046645 [info ] [MainThread]: 
[0m01:05:37.046857 [info ] [MainThread]: Concurrency: 4 threads (target='dev')
[0m01:05:37.047009 [info ] [MainThread]: 
[0m01:05:37.047305 [debug] [MainThread]: Acquiring new duckdb connection 'master'
[0m01:05:37.049832 [debug] [ThreadPool]: Acquiring new duckdb connection 'list_sdp'
[0m01:05:37.080634 [debug] [ThreadPool]: Using duckdb connection "list_sdp"
[0m01:05:37.080828 [debug] [ThreadPool]: On list_sdp: /* {"app": "dbt", "dbt_version": "1.12.3", "profile_name": "sdp", "target_name": "dev", "connection_name": "list_sdp"} */

    
    select schema_name
    from system.information_schema.schemata
    
    where lower(catalog_name) = '"sdp"'
    
  
  
[0m01:05:37.080990 [debug] [ThreadPool]: Opening a new connection, currently in state init
[0m01:05:37.090064 [debug] [ThreadPool]: SQL status: OK in 0.009 seconds
[0m01:05:37.090761 [debug] [ThreadPool]: On list_sdp: Close
[0m01:05:37.091125 [debug] [ThreadPool]: Re-using an available connection from the pool (formerly list_sdp, now create_sdp_main_staging)
[0m01:05:37.091362 [debug] [ThreadPool]: Creating schema "database: "sdp"
schema: "main_staging"
"
[0m01:05:37.095032 [debug] [ThreadPool]: Using duckdb connection "create_sdp_main_staging"
[0m01:05:37.095212 [debug] [ThreadPool]: On create_sdp_main_staging: /* {"app": "dbt", "dbt_version": "1.12.3", "profile_name": "sdp", "target_name": "dev", "connection_name": "create_sdp_main_staging"} */

    
        select type from duckdb_databases()
        where lower(database_name)='sdp'
        and type != 'duckdb'
    
  
[0m01:05:37.095356 [debug] [ThreadPool]: Opening a new connection, currently in state closed
[0m01:05:37.095814 [debug] [ThreadPool]: SQL status: OK in 0.000 seconds
[0m01:05:37.096583 [debug] [ThreadPool]: Using duckdb connection "create_sdp_main_staging"
[0m01:05:37.096726 [debug] [ThreadPool]: On create_sdp_main_staging: BEGIN
[0m01:05:37.096941 [debug] [ThreadPool]: SQL status: OK in 0.000 seconds
[0m01:05:37.097083 [debug] [ThreadPool]: Using duckdb connection "create_sdp_main_staging"
[0m01:05:37.097224 [debug] [ThreadPool]: On create_sdp_main_staging: /* {"app": "dbt", "dbt_version": "1.12.3", "profile_name": "sdp", "target_name": "dev", "connection_name": "create_sdp_main_staging"} */

    
    
        create schema if not exists "sdp"."main_staging"
    
[0m01:05:37.097464 [debug] [ThreadPool]: SQL status: OK in 0.000 seconds
[0m01:05:37.097887 [debug] [ThreadPool]: On create_sdp_main_staging: COMMIT
[0m01:05:37.098026 [debug] [ThreadPool]: Using duckdb connection "create_sdp_main_staging"
[0m01:05:37.098154 [debug] [ThreadPool]: On create_sdp_main_staging: COMMIT
[0m01:05:37.098480 [debug] [ThreadPool]: SQL status: OK in 0.000 seconds
[0m01:05:37.098623 [debug] [ThreadPool]: On create_sdp_main_staging: Close
[0m01:05:37.099182 [debug] [ThreadPool]: Re-using an available connection from the pool (formerly create_sdp_main_staging, now list_sdp_main_staging)
[0m01:05:37.101391 [debug] [ThreadPool]: Using duckdb connection "list_sdp_main_staging"
[0m01:05:37.101545 [debug] [ThreadPool]: On list_sdp_main_staging: BEGIN
[0m01:05:37.101677 [debug] [ThreadPool]: Opening a new connection, currently in state closed
[0m01:05:37.101897 [debug] [ThreadPool]: SQL status: OK in 0.000 seconds
[0m01:05:37.102040 [debug] [ThreadPool]: Using duckdb connection "list_sdp_main_staging"
[0m01:05:37.102185 [debug] [ThreadPool]: On list_sdp_main_staging: /* {"app": "dbt", "dbt_version": "1.12.3", "profile_name": "sdp", "target_name": "dev", "connection_name": "list_sdp_main_staging"} */
select
      'sdp' as database,
      table_name as name,
      table_schema as schema,
      CASE table_type
        WHEN 'BASE TABLE' THEN 'table'
        WHEN 'VIEW' THEN 'view'
        WHEN 'LOCAL TEMPORARY' THEN 'table'
        END as type
    from system.information_schema.tables
    where lower(table_schema) = 'main_staging'
    and lower(table_catalog) = 'sdp'
  
[0m01:05:37.103739 [debug] [ThreadPool]: SQL status: OK in 0.001 seconds
[0m01:05:37.104400 [debug] [ThreadPool]: On list_sdp_main_staging: ROLLBACK
[0m01:05:37.104637 [debug] [ThreadPool]: On list_sdp_main_staging: Close
[0m01:05:37.104903 [debug] [MainThread]: Sending event: {'category': 'dbt', 'action': 'runnable_timing', 'label': '0dda3d7a-beee-437d-8b3a-4c4ac6c7207c', 'context': [<snowplow_tracker.self_describing_json.SelfDescribingJson object at 0x108237110>]}
[0m01:05:37.105156 [debug] [MainThread]: Using duckdb connection "master"
[0m01:05:37.105315 [debug] [MainThread]: On master: BEGIN
[0m01:05:37.105456 [debug] [MainThread]: Opening a new connection, currently in state init
[0m01:05:37.105688 [debug] [MainThread]: SQL status: OK in 0.000 seconds
[0m01:05:37.105831 [debug] [MainThread]: On master: COMMIT
[0m01:05:37.105974 [debug] [MainThread]: Using duckdb connection "master"
[0m01:05:37.106102 [debug] [MainThread]: On master: COMMIT
[0m01:05:37.106332 [debug] [MainThread]: SQL status: OK in 0.000 seconds
[0m01:05:37.106530 [debug] [MainThread]: On master: Close
[0m01:05:37.108076 [debug] [Thread-1 (]: Began running node model.sdp.stg_corporate_actions
[0m01:05:37.108332 [info ] [Thread-1 (]: 1 of 24 START sql table model main_staging.stg_corporate_actions ............... [RUN]
[0m01:05:37.108559 [debug] [Thread-1 (]: Re-using an available connection from the pool (formerly list_sdp_main_staging, now model.sdp.stg_corporate_actions)
[0m01:05:37.108735 [debug] [Thread-1 (]: Began compiling node model.sdp.stg_corporate_actions
[0m01:05:37.113273 [debug] [Thread-1 (]: Writing injected SQL for node "model.sdp.stg_corporate_actions"
[0m01:05:37.113727 [debug] [Thread-1 (]: Began executing node model.sdp.stg_corporate_actions
[0m01:05:37.140697 [debug] [Thread-1 (]: Writing runtime sql for node "model.sdp.stg_corporate_actions"
[0m01:05:37.141237 [debug] [Thread-1 (]: Using duckdb connection "model.sdp.stg_corporate_actions"
[0m01:05:37.141418 [debug] [Thread-1 (]: On model.sdp.stg_corporate_actions: BEGIN
[0m01:05:37.141580 [debug] [Thread-1 (]: Opening a new connection, currently in state closed
[0m01:05:37.141877 [debug] [Thread-1 (]: SQL status: OK in 0.000 seconds
[0m01:05:37.142032 [debug] [Thread-1 (]: Using duckdb connection "model.sdp.stg_corporate_actions"
[0m01:05:37.142280 [debug] [Thread-1 (]: On model.sdp.stg_corporate_actions: /* {"app": "dbt", "dbt_version": "1.12.3", "profile_name": "sdp", "target_name": "dev", "node_id": "model.sdp.stg_corporate_actions"} */

    

    create  table
      "sdp"."main_staging"."stg_corporate_actions__dbt_tmp"
  
    
    as (
      

with splits_src as (

    select
        ticker,
        cast(execution_date as date)          as event_date,
        split_from,
        split_to,
        historical_adjustment_factor          as factor,
        adjustment_type
    from read_parquet(
        '/Users/aray/strategic-data-platform/data/raw/massive_splits/pull_date=*/data.parquet',
        hive_partitioning = true
    )
    where pull_date = (select min(pull_date) from read_parquet(
        '/Users/aray/strategic-data-platform/data/raw/massive_splits/pull_date=*/data.parquet',
        hive_partitioning = true
    ))
      and ticker is not null
      and execution_date is not null
      -- A null factor on a split is fatal at ingest, so a null here cannot occur.
      -- A factor of 0 is RYCEF and it has no valid adjustment.
      and historical_adjustment_factor > 0
      and split_from > 0
      and split_to > 0

), splits_grouped as (

    select
        ticker,
        event_date,
        'split'                                       as kind,
        max(factor)                                   as factor,
        arg_max(split_from / split_to, factor)        as ratio,
        count(*)                                      as n_events,
        count(distinct factor)                        as n_distinct_factors,
        max(factor) / min(factor)                     as factor_spread,
        false                                         as factor_is_null
    from splits_src
    group by 1, 2

), dividends_src as (

    select
        ticker,
        cast(ex_dividend_date as date)        as event_date,
        historical_adjustment_factor          as factor,
        cash_amount
    from read_parquet(
        '/Users/aray/strategic-data-platform/data/raw/massive_dividends/pull_date=*/data.parquet',
        hive_partitioning = true
    )
    where pull_date = (select min(pull_date) from read_parquet(
        '/Users/aray/strategic-data-platform/data/raw/massive_dividends/pull_date=*/data.parquet',
        hive_partitioning = true
    ))
      and ticker is not null
      and ex_dividend_date is not null
      and currency = 'USD'
      -- Keep the null factor. It is structural: the vendor has no price on the
      -- ex-date for that security. A predicate of "factor > 0" alone removes the
      -- null rows without a message, and the as-of join then reports 1.0 for a
      -- date whose factor is unknown. Three-valued logic, the same trap as the
      -- cash_amount predicate in the audits.
      and (historical_adjustment_factor is null or historical_adjustment_factor > 0)

), dividends_grouped as (

    select
        ticker,
        event_date,
        'dividend'                                    as kind,
        -- One null distribution makes the date unknown. It does not make it 1.0.
        case when bool_or(factor is null) then null else min(factor) end as factor,
        cast(null as double)                          as ratio,
        count(*)                                      as n_events,
        count(distinct factor)                        as n_distinct_factors,
        max(factor) / nullif(min(factor), 0)          as factor_spread,
        bool_or(factor is null)                       as factor_is_null
    from dividends_src
    group by 1, 2

), unioned as (

    select * from splits_grouped
    union all
    select * from dividends_grouped

)

select
    ticker,
    event_date,
    kind,
    factor,
    ratio,
    n_events,
    n_distinct_factors,
    factor_spread,
    factor_is_null,
    n_events > 1 as is_collapsed,
    
    bool_or(n_events > 1) over (
        partition by ticker, kind
        order by event_date desc
        rows between unbounded preceding and current row
    ) as has_collapsed_at_or_after,
    
    case when kind = 'split' then
        exp(sum(ln(ratio)) over (
            partition by ticker, kind
            order by event_date desc
            rows between unbounded preceding and current row
        ))
    end as factor_chained_check
from unioned
    );
    
  
[0m01:05:37.397253 [debug] [Thread-1 (]: SQL status: OK in 0.255 seconds
[0m01:05:37.400435 [debug] [Thread-1 (]: Using duckdb connection "model.sdp.stg_corporate_actions"
[0m01:05:37.400649 [debug] [Thread-1 (]: On model.sdp.stg_corporate_actions: /* {"app": "dbt", "dbt_version": "1.12.3", "profile_name": "sdp", "target_name": "dev", "node_id": "model.sdp.stg_corporate_actions"} */
alter table "sdp"."main_staging"."stg_corporate_actions__dbt_tmp" rename to "stg_corporate_actions"
[0m01:05:37.401748 [debug] [Thread-1 (]: SQL status: OK in 0.001 seconds
[0m01:05:37.410001 [debug] [Thread-1 (]: On model.sdp.stg_corporate_actions: COMMIT
[0m01:05:37.410216 [debug] [Thread-1 (]: Using duckdb connection "model.sdp.stg_corporate_actions"
[0m01:05:37.410387 [debug] [Thread-1 (]: On model.sdp.stg_corporate_actions: COMMIT
[0m01:05:37.580805 [debug] [Thread-1 (]: SQL status: OK in 0.170 seconds
[0m01:05:37.583494 [debug] [Thread-1 (]: Using duckdb connection "model.sdp.stg_corporate_actions"
[0m01:05:37.583910 [debug] [Thread-1 (]: On model.sdp.stg_corporate_actions: /* {"app": "dbt", "dbt_version": "1.12.3", "profile_name": "sdp", "target_name": "dev", "node_id": "model.sdp.stg_corporate_actions"} */

      drop table if exists "sdp"."main_staging"."stg_corporate_actions__dbt_backup" cascade
    
[0m01:05:37.584392 [debug] [Thread-1 (]: SQL status: OK in 0.000 seconds
[0m01:05:37.585867 [debug] [Thread-1 (]: On model.sdp.stg_corporate_actions: Close
[0m01:05:37.587260 [debug] [Thread-1 (]: Sending event: {'category': 'dbt', 'action': 'run_model', 'label': '0dda3d7a-beee-437d-8b3a-4c4ac6c7207c', 'context': [<snowplow_tracker.self_describing_json.SelfDescribingJson object at 0x10a441490>]}
[0m01:05:37.587615 [info ] [Thread-1 (]: 1 of 24 OK created sql table model main_staging.stg_corporate_actions .......... [[32mOK[0m in 0.48s]
[0m01:05:37.587924 [debug] [Thread-1 (]: Finished running node model.sdp.stg_corporate_actions
[0m01:05:37.588364 [debug] [Thread-3 (]: Began running node test.sdp.accepted_values_stg_corporate_actions_kind__split__dividend.2a3807b562
[0m01:05:37.588577 [debug] [Thread-4 (]: Began running node test.sdp.assert_the_aapl_2005_factor_is_correct
[0m01:05:37.588992 [debug] [Thread-2 (]: Began running node test.sdp.assert_the_chained_ratio_reproduces_the_vendor_factor
[0m01:05:37.588831 [info ] [Thread-3 (]: 2 of 24 START test accepted_values_stg_corporate_actions_kind__split__dividend . [RUN]
[0m01:05:37.589219 [debug] [Thread-1 (]: Began running node test.sdp.not_null_stg_corporate_actions_event_date.50a4f8ae37
[0m01:05:37.589412 [info ] [Thread-4 (]: 3 of 24 START test assert_the_aapl_2005_factor_is_correct ...................... [RUN]
[0m01:05:37.589615 [info ] [Thread-2 (]: 4 of 24 START test assert_the_chained_ratio_reproduces_the_vendor_factor ....... [RUN]
[0m01:05:37.589913 [debug] [Thread-3 (]: Acquiring new duckdb connection 'test.sdp.accepted_values_stg_corporate_actions_kind__split__dividend.2a3807b562'
[0m01:05:37.590091 [info ] [Thread-1 (]: 5 of 24 START test not_null_stg_corporate_actions_event_date ................... [RUN]
[0m01:05:37.590357 [debug] [Thread-4 (]: Acquiring new duckdb connection 'test.sdp.assert_the_aapl_2005_factor_is_correct'
[0m01:05:37.590590 [debug] [Thread-2 (]: Acquiring new duckdb connection 'test.sdp.assert_the_chained_ratio_reproduces_the_vendor_factor'
[0m01:05:37.590770 [debug] [Thread-3 (]: Began compiling node test.sdp.accepted_values_stg_corporate_actions_kind__split__dividend.2a3807b562
[0m01:05:37.590962 [debug] [Thread-1 (]: Re-using an available connection from the pool (formerly model.sdp.stg_corporate_actions, now test.sdp.not_null_stg_corporate_actions_event_date.50a4f8ae37)
[0m01:05:37.591130 [debug] [Thread-4 (]: Began compiling node test.sdp.assert_the_aapl_2005_factor_is_correct
[0m01:05:37.591293 [debug] [Thread-2 (]: Began compiling node test.sdp.assert_the_chained_ratio_reproduces_the_vendor_factor
[0m01:05:37.595689 [debug] [Thread-3 (]: Writing injected SQL for node "test.sdp.accepted_values_stg_corporate_actions_kind__split__dividend.2a3807b562"
[0m01:05:37.595901 [debug] [Thread-1 (]: Began compiling node test.sdp.not_null_stg_corporate_actions_event_date.50a4f8ae37
[0m01:05:37.596707 [debug] [Thread-4 (]: Writing injected SQL for node "test.sdp.assert_the_aapl_2005_factor_is_correct"
[0m01:05:37.597517 [debug] [Thread-2 (]: Writing injected SQL for node "test.sdp.assert_the_chained_ratio_reproduces_the_vendor_factor"
[0m01:05:37.603151 [debug] [Thread-1 (]: Writing injected SQL for node "test.sdp.not_null_stg_corporate_actions_event_date.50a4f8ae37"
[0m01:05:37.603659 [debug] [Thread-3 (]: Began executing node test.sdp.accepted_values_stg_corporate_actions_kind__split__dividend.2a3807b562
[0m01:05:37.603911 [debug] [Thread-1 (]: Began executing node test.sdp.not_null_stg_corporate_actions_event_date.50a4f8ae37
[0m01:05:37.613054 [debug] [Thread-3 (]: Writing runtime sql for node "test.sdp.accepted_values_stg_corporate_actions_kind__split__dividend.2a3807b562"
[0m01:05:37.613287 [debug] [Thread-2 (]: Began executing node test.sdp.assert_the_chained_ratio_reproduces_the_vendor_factor
[0m01:05:37.614089 [debug] [Thread-1 (]: Writing runtime sql for node "test.sdp.not_null_stg_corporate_actions_event_date.50a4f8ae37"
[0m01:05:37.614347 [debug] [Thread-4 (]: Began executing node test.sdp.assert_the_aapl_2005_factor_is_correct
[0m01:05:37.615143 [debug] [Thread-2 (]: Writing runtime sql for node "test.sdp.assert_the_chained_ratio_reproduces_the_vendor_factor"
[0m01:05:37.615904 [debug] [Thread-4 (]: Writing runtime sql for node "test.sdp.assert_the_aapl_2005_factor_is_correct"
[0m01:05:37.616271 [debug] [Thread-1 (]: Using duckdb connection "test.sdp.not_null_stg_corporate_actions_event_date.50a4f8ae37"
[0m01:05:37.616502 [debug] [Thread-3 (]: Using duckdb connection "test.sdp.accepted_values_stg_corporate_actions_kind__split__dividend.2a3807b562"
[0m01:05:37.616695 [debug] [Thread-1 (]: On test.sdp.not_null_stg_corporate_actions_event_date.50a4f8ae37: BEGIN
[0m01:05:37.616901 [debug] [Thread-3 (]: On test.sdp.accepted_values_stg_corporate_actions_kind__split__dividend.2a3807b562: BEGIN
[0m01:05:37.617122 [debug] [Thread-4 (]: Using duckdb connection "test.sdp.assert_the_aapl_2005_factor_is_correct"
[0m01:05:37.617290 [debug] [Thread-1 (]: Opening a new connection, currently in state closed
[0m01:05:37.617508 [debug] [Thread-2 (]: Using duckdb connection "test.sdp.assert_the_chained_ratio_reproduces_the_vendor_factor"
[0m01:05:37.617694 [debug] [Thread-3 (]: Opening a new connection, currently in state init
[0m01:05:37.617907 [debug] [Thread-4 (]: On test.sdp.assert_the_aapl_2005_factor_is_correct: BEGIN
[0m01:05:37.618188 [debug] [Thread-2 (]: On test.sdp.assert_the_chained_ratio_reproduces_the_vendor_factor: BEGIN
[0m01:05:37.618448 [debug] [Thread-1 (]: SQL status: OK in 0.001 seconds
[0m01:05:37.618630 [debug] [Thread-4 (]: Opening a new connection, currently in state init
[0m01:05:37.618801 [debug] [Thread-2 (]: Opening a new connection, currently in state init
[0m01:05:37.618967 [debug] [Thread-3 (]: SQL status: OK in 0.001 seconds
[0m01:05:37.619140 [debug] [Thread-1 (]: Using duckdb connection "test.sdp.not_null_stg_corporate_actions_event_date.50a4f8ae37"
[0m01:05:37.619414 [debug] [Thread-3 (]: Using duckdb connection "test.sdp.accepted_values_stg_corporate_actions_kind__split__dividend.2a3807b562"
[0m01:05:37.619581 [debug] [Thread-4 (]: SQL status: OK in 0.001 seconds
[0m01:05:37.619770 [debug] [Thread-1 (]: On test.sdp.not_null_stg_corporate_actions_event_date.50a4f8ae37: /* {"app": "dbt", "dbt_version": "1.12.3", "profile_name": "sdp", "target_name": "dev", "node_id": "test.sdp.not_null_stg_corporate_actions_event_date.50a4f8ae37"} */

    
    select
      count(*) as failures,
      count(*) != 0 as should_warn,
      count(*) != 0 as should_error
    from (
      
    
  
    
    



select event_date
from "sdp"."main_staging"."stg_corporate_actions"
where event_date is null



  
  
      
    ) dbt_internal_test
[0m01:05:37.619947 [debug] [Thread-2 (]: SQL status: OK in 0.001 seconds
[0m01:05:37.620120 [debug] [Thread-3 (]: On test.sdp.accepted_values_stg_corporate_actions_kind__split__dividend.2a3807b562: /* {"app": "dbt", "dbt_version": "1.12.3", "profile_name": "sdp", "target_name": "dev", "node_id": "test.sdp.accepted_values_stg_corporate_actions_kind__split__dividend.2a3807b562"} */

    
    select
      count(*) as failures,
      count(*) != 0 as should_warn,
      count(*) != 0 as should_error
    from (
      
    
  
    
    

with all_values as (

    select
        kind as value_field,
        count(*) as n_records

    from "sdp"."main_staging"."stg_corporate_actions"
    group by kind

)

select *
from all_values
where value_field not in (
    'split','dividend'
)



  
  
      
    ) dbt_internal_test
[0m01:05:37.620305 [debug] [Thread-4 (]: Using duckdb connection "test.sdp.assert_the_aapl_2005_factor_is_correct"
[0m01:05:37.620538 [debug] [Thread-2 (]: Using duckdb connection "test.sdp.assert_the_chained_ratio_reproduces_the_vendor_factor"
[0m01:05:37.620895 [debug] [Thread-4 (]: On test.sdp.assert_the_aapl_2005_factor_is_correct: /* {"app": "dbt", "dbt_version": "1.12.3", "profile_name": "sdp", "target_name": "dev", "node_id": "test.sdp.assert_the_aapl_2005_factor_is_correct"} */

    
    select
      count(*) as failures,
      count(*) != 0 as should_warn,
      count(*) != 0 as should_error
    from (
      
    
  -- The named check. The 2-for-1 split of AAPL on 2005-02-28 has factor 0.017857,
-- which is 1/56, that is 1/2 x 1/7 x 1/4 compounded with the splits of 2014 and
-- of 2020. If this number does not appear, the cumulative semantics are wrong.
select *
from "sdp"."main_staging"."stg_corporate_actions"
where ticker = 'AAPL'
  and kind = 'split'
  and event_date = date '2005-02-28'
  and (abs(factor - 0.017857) > 5e-7 or abs(factor_chained_check - 1.0/56.0) > 1e-9)
  
  
      
    ) dbt_internal_test
[0m01:05:37.621253 [debug] [Thread-1 (]: SQL status: OK in 0.001 seconds
[0m01:05:37.621458 [debug] [Thread-2 (]: On test.sdp.assert_the_chained_ratio_reproduces_the_vendor_factor: /* {"app": "dbt", "dbt_version": "1.12.3", "profile_name": "sdp", "target_name": "dev", "node_id": "test.sdp.assert_the_chained_ratio_reproduces_the_vendor_factor"} */

    
    select
      count(*) as failures,
      count(*) != 0 as should_warn,
      count(*) != 0 as should_error
    from (
      
    
  -- The vendor factor is cumulative and it includes the event itself. The product
-- of split_from/split_to over every event at or after this one must reproduce it.
-- The vendor rounds the factor to six decimal places.
-- A collapsed event has more than one ratio for one date. The factor is
-- cumulative, so that ambiguity travels backwards through every earlier event of
-- the same ticker. Those events are out of scope. The exposure is measurable in
-- the column has_collapsed_at_or_after.
select ticker, event_date, factor, factor_chained_check,
       abs(factor - factor_chained_check) as diff
from "sdp"."main_staging"."stg_corporate_actions"
where kind = 'split'
  and not has_collapsed_at_or_after
  and abs(factor - factor_chained_check) > 1e-6 * greatest(factor, 1.0)
  
  
      
    ) dbt_internal_test
[0m01:05:37.621798 [debug] [Thread-3 (]: SQL status: OK in 0.001 seconds
[0m01:05:37.624005 [debug] [Thread-1 (]: On test.sdp.not_null_stg_corporate_actions_event_date.50a4f8ae37: ROLLBACK
[0m01:05:37.625085 [debug] [Thread-3 (]: On test.sdp.accepted_values_stg_corporate_actions_kind__split__dividend.2a3807b562: ROLLBACK
[0m01:05:37.625312 [debug] [Thread-4 (]: SQL status: OK in 0.004 seconds
[0m01:05:37.625525 [debug] [Thread-2 (]: SQL status: OK in 0.003 seconds
[0m01:05:37.625704 [debug] [Thread-1 (]: On test.sdp.not_null_stg_corporate_actions_event_date.50a4f8ae37: Close
[0m01:05:37.626557 [debug] [Thread-4 (]: On test.sdp.assert_the_aapl_2005_factor_is_correct: ROLLBACK
[0m01:05:37.627352 [debug] [Thread-2 (]: On test.sdp.assert_the_chained_ratio_reproduces_the_vendor_factor: ROLLBACK
[0m01:05:37.627554 [debug] [Thread-3 (]: On test.sdp.accepted_values_stg_corporate_actions_kind__split__dividend.2a3807b562: Close
[0m01:05:37.627869 [info ] [Thread-1 (]: 5 of 24 PASS not_null_stg_corporate_actions_event_date ......................... [[32mPASS[0m in 0.04s]
[0m01:05:37.628303 [debug] [Thread-1 (]: Finished running node test.sdp.not_null_stg_corporate_actions_event_date.50a4f8ae37
[0m01:05:37.628589 [info ] [Thread-3 (]: 2 of 24 PASS accepted_values_stg_corporate_actions_kind__split__dividend ....... [[32mPASS[0m in 0.04s]
[0m01:05:37.628820 [debug] [Thread-1 (]: Began running node test.sdp.not_null_stg_corporate_actions_kind.6aef7b1a56
[0m01:05:37.629009 [debug] [Thread-4 (]: On test.sdp.assert_the_aapl_2005_factor_is_correct: Close
[0m01:05:37.629186 [debug] [Thread-2 (]: On test.sdp.assert_the_chained_ratio_reproduces_the_vendor_factor: Close
[0m01:05:37.629471 [debug] [Thread-3 (]: Finished running node test.sdp.accepted_values_stg_corporate_actions_kind__split__dividend.2a3807b562
[0m01:05:37.629664 [info ] [Thread-1 (]: 6 of 24 START test not_null_stg_corporate_actions_kind ......................... [RUN]
[0m01:05:37.630376 [debug] [Thread-3 (]: Began running node test.sdp.not_null_stg_corporate_actions_ticker.2d46b6edd6
[0m01:05:37.629976 [info ] [Thread-4 (]: 3 of 24 PASS assert_the_aapl_2005_factor_is_correct ............................ [[32mPASS[0m in 0.04s]
[0m01:05:37.630215 [info ] [Thread-2 (]: 4 of 24 PASS assert_the_chained_ratio_reproduces_the_vendor_factor ............. [[32mPASS[0m in 0.04s]
[0m01:05:37.630734 [debug] [Thread-1 (]: Re-using an available connection from the pool (formerly test.sdp.not_null_stg_corporate_actions_event_date.50a4f8ae37, now test.sdp.not_null_stg_corporate_actions_kind.6aef7b1a56)
[0m01:05:37.630935 [info ] [Thread-3 (]: 7 of 24 START test not_null_stg_corporate_actions_ticker ....................... [RUN]
[0m01:05:37.631246 [debug] [Thread-4 (]: Finished running node test.sdp.assert_the_aapl_2005_factor_is_correct
[0m01:05:37.631501 [debug] [Thread-2 (]: Finished running node test.sdp.assert_the_chained_ratio_reproduces_the_vendor_factor
[0m01:05:37.631682 [debug] [Thread-1 (]: Began compiling node test.sdp.not_null_stg_corporate_actions_kind.6aef7b1a56
[0m01:05:37.631900 [debug] [Thread-3 (]: Re-using an available connection from the pool (formerly test.sdp.accepted_values_stg_corporate_actions_kind__split__dividend.2a3807b562, now test.sdp.not_null_stg_corporate_actions_ticker.2d46b6edd6)
[0m01:05:37.635591 [debug] [Thread-1 (]: Writing injected SQL for node "test.sdp.not_null_stg_corporate_actions_kind.6aef7b1a56"
[0m01:05:37.635789 [debug] [Thread-3 (]: Began compiling node test.sdp.not_null_stg_corporate_actions_ticker.2d46b6edd6
[0m01:05:37.639581 [debug] [Thread-3 (]: Writing injected SQL for node "test.sdp.not_null_stg_corporate_actions_ticker.2d46b6edd6"
[0m01:05:37.640007 [debug] [Thread-1 (]: Began executing node test.sdp.not_null_stg_corporate_actions_kind.6aef7b1a56
[0m01:05:37.640233 [debug] [Thread-3 (]: Began executing node test.sdp.not_null_stg_corporate_actions_ticker.2d46b6edd6
[0m01:05:37.641080 [debug] [Thread-1 (]: Writing runtime sql for node "test.sdp.not_null_stg_corporate_actions_kind.6aef7b1a56"
[0m01:05:37.641866 [debug] [Thread-3 (]: Writing runtime sql for node "test.sdp.not_null_stg_corporate_actions_ticker.2d46b6edd6"
[0m01:05:37.642208 [debug] [Thread-1 (]: Using duckdb connection "test.sdp.not_null_stg_corporate_actions_kind.6aef7b1a56"
[0m01:05:37.642394 [debug] [Thread-1 (]: On test.sdp.not_null_stg_corporate_actions_kind.6aef7b1a56: BEGIN
[0m01:05:37.642583 [debug] [Thread-3 (]: Using duckdb connection "test.sdp.not_null_stg_corporate_actions_ticker.2d46b6edd6"
[0m01:05:37.642753 [debug] [Thread-1 (]: Opening a new connection, currently in state closed
[0m01:05:37.642921 [debug] [Thread-3 (]: On test.sdp.not_null_stg_corporate_actions_ticker.2d46b6edd6: BEGIN
[0m01:05:37.643156 [debug] [Thread-3 (]: Opening a new connection, currently in state closed
[0m01:05:37.643372 [debug] [Thread-1 (]: SQL status: OK in 0.001 seconds
[0m01:05:37.643542 [debug] [Thread-1 (]: Using duckdb connection "test.sdp.not_null_stg_corporate_actions_kind.6aef7b1a56"
[0m01:05:37.643706 [debug] [Thread-3 (]: SQL status: OK in 0.001 seconds
[0m01:05:37.643872 [debug] [Thread-1 (]: On test.sdp.not_null_stg_corporate_actions_kind.6aef7b1a56: /* {"app": "dbt", "dbt_version": "1.12.3", "profile_name": "sdp", "target_name": "dev", "node_id": "test.sdp.not_null_stg_corporate_actions_kind.6aef7b1a56"} */

    
    select
      count(*) as failures,
      count(*) != 0 as should_warn,
      count(*) != 0 as should_error
    from (
      
    
  
    
    



select kind
from "sdp"."main_staging"."stg_corporate_actions"
where kind is null



  
  
      
    ) dbt_internal_test
[0m01:05:37.644052 [debug] [Thread-3 (]: Using duckdb connection "test.sdp.not_null_stg_corporate_actions_ticker.2d46b6edd6"
[0m01:05:37.644282 [debug] [Thread-3 (]: On test.sdp.not_null_stg_corporate_actions_ticker.2d46b6edd6: /* {"app": "dbt", "dbt_version": "1.12.3", "profile_name": "sdp", "target_name": "dev", "node_id": "test.sdp.not_null_stg_corporate_actions_ticker.2d46b6edd6"} */

    
    select
      count(*) as failures,
      count(*) != 0 as should_warn,
      count(*) != 0 as should_error
    from (
      
    
  
    
    



select ticker
from "sdp"."main_staging"."stg_corporate_actions"
where ticker is null



  
  
      
    ) dbt_internal_test
[0m01:05:37.644541 [debug] [Thread-1 (]: SQL status: OK in 0.000 seconds
[0m01:05:37.644758 [debug] [Thread-3 (]: SQL status: OK in 0.000 seconds
[0m01:05:37.645587 [debug] [Thread-1 (]: On test.sdp.not_null_stg_corporate_actions_kind.6aef7b1a56: ROLLBACK
[0m01:05:37.646402 [debug] [Thread-3 (]: On test.sdp.not_null_stg_corporate_actions_ticker.2d46b6edd6: ROLLBACK
[0m01:05:37.646650 [debug] [Thread-1 (]: On test.sdp.not_null_stg_corporate_actions_kind.6aef7b1a56: Close
[0m01:05:37.646865 [debug] [Thread-3 (]: On test.sdp.not_null_stg_corporate_actions_ticker.2d46b6edd6: Close
[0m01:05:37.647157 [info ] [Thread-1 (]: 6 of 24 PASS not_null_stg_corporate_actions_kind ............................... [[32mPASS[0m in 0.02s]
[0m01:05:37.647465 [info ] [Thread-3 (]: 7 of 24 PASS not_null_stg_corporate_actions_ticker ............................. [[32mPASS[0m in 0.02s]
[0m01:05:37.647731 [debug] [Thread-1 (]: Finished running node test.sdp.not_null_stg_corporate_actions_kind.6aef7b1a56
[0m01:05:37.647983 [debug] [Thread-3 (]: Finished running node test.sdp.not_null_stg_corporate_actions_ticker.2d46b6edd6
[0m01:05:37.648367 [debug] [Thread-4 (]: Began running node model.sdp.stg_prices_adjusted
[0m01:05:37.648633 [info ] [Thread-4 (]: 8 of 24 START sql table model main_staging.stg_prices_adjusted ................. [RUN]
[0m01:05:37.648854 [debug] [Thread-4 (]: Re-using an available connection from the pool (formerly test.sdp.assert_the_aapl_2005_factor_is_correct, now model.sdp.stg_prices_adjusted)
[0m01:05:37.649021 [debug] [Thread-4 (]: Began compiling node model.sdp.stg_prices_adjusted
[0m01:05:37.650679 [debug] [Thread-4 (]: Writing injected SQL for node "model.sdp.stg_prices_adjusted"
[0m01:05:37.651063 [debug] [Thread-4 (]: Began executing node model.sdp.stg_prices_adjusted
[0m01:05:37.652532 [debug] [Thread-4 (]: Writing runtime sql for node "model.sdp.stg_prices_adjusted"
[0m01:05:37.653567 [debug] [Thread-4 (]: Using duckdb connection "model.sdp.stg_prices_adjusted"
[0m01:05:37.653751 [debug] [Thread-4 (]: On model.sdp.stg_prices_adjusted: BEGIN
[0m01:05:37.653909 [debug] [Thread-4 (]: Opening a new connection, currently in state closed
[0m01:05:37.654205 [debug] [Thread-4 (]: SQL status: OK in 0.000 seconds
[0m01:05:37.654394 [debug] [Thread-4 (]: Using duckdb connection "model.sdp.stg_prices_adjusted"
[0m01:05:37.654646 [debug] [Thread-4 (]: On model.sdp.stg_prices_adjusted: /* {"app": "dbt", "dbt_version": "1.12.3", "profile_name": "sdp", "target_name": "dev", "node_id": "model.sdp.stg_prices_adjusted"} */

    

    create  table
      "sdp"."main_staging"."stg_prices_adjusted__dbt_tmp"
  
    
    as (
      

with bars as (

    select
        ticker,
        cast(date as date)  as date,
        open, high, low, close, volume, transactions
    from read_parquet(
        '/Users/aray/strategic-data-platform/data/raw/us_stocks_day_aggs/date=*/data.parquet',
        hive_partitioning = true
    )
    where ticker is not null


), panel_end as (

    select max(date) as last_bar_date from bars

), splits as (

    select ticker, event_date, factor, is_collapsed
    from "sdp"."main_staging"."stg_corporate_actions"
    where kind = 'split'
      and event_date <= (select last_bar_date from panel_end)

), dividends as (

    select ticker, event_date, factor, is_collapsed
    from "sdp"."main_staging"."stg_corporate_actions"
    where kind = 'dividend'
      and event_date <= (select last_bar_date from panel_end)

), with_split as (

    select
        b.*,
        s.event_date    as next_split_date,
        s.factor        as next_split_factor,
        s.is_collapsed  as split_is_collapsed
    from bars b
    asof left join splits s
      on b.ticker = s.ticker
     and b.date < s.event_date

), with_both as (

    select
        w.*,
        d.event_date    as next_dividend_date,
        d.factor        as next_dividend_factor,
        d.is_collapsed  as dividend_is_collapsed
    from with_split w
    asof left join dividends d
      on w.ticker = d.ticker
     and w.date < d.event_date

), factors as (

    select
        *,
        
        case when next_split_date is null then 1.0 else next_split_factor end
            as split_factor,
        case when next_dividend_date is null then 1.0 else next_dividend_factor end
            as dividend_factor
    from with_both

)

select
    ticker,
    date,

    -- The unadjusted price. A price floor screens on the price at which the stock
    -- traded, and not on a value that a later event restated.
    open, high, low, close, volume, transactions,
    close * volume                              as dollar_volume,

    split_factor,
    dividend_factor,
    split_factor * dividend_factor              as total_factor,

    -- Mechanical and complete.
    open  * split_factor                        as adj_open_split,
    high  * split_factor                        as adj_high_split,
    low   * split_factor                        as adj_low_split,
    close * split_factor                        as adj_close_split,
    volume / split_factor                       as adj_volume,

    -- The default column. It is null where the dividend factor is unknown.
    close * split_factor * dividend_factor      as adj_close_total,

    next_split_date,
    next_dividend_date,
    coalesce(split_is_collapsed, false)
        or coalesce(dividend_is_collapsed, false)  as factor_from_collapsed_event

from factors
    );
    
  
[0m01:05:37.743342 [debug] [Thread-4 (]: SQL status: OK in 0.088 seconds
[0m01:05:37.744774 [debug] [Thread-4 (]: Using duckdb connection "model.sdp.stg_prices_adjusted"
[0m01:05:37.744978 [debug] [Thread-4 (]: On model.sdp.stg_prices_adjusted: /* {"app": "dbt", "dbt_version": "1.12.3", "profile_name": "sdp", "target_name": "dev", "node_id": "model.sdp.stg_prices_adjusted"} */
alter table "sdp"."main_staging"."stg_prices_adjusted__dbt_tmp" rename to "stg_prices_adjusted"
[0m01:05:37.745378 [debug] [Thread-4 (]: SQL status: OK in 0.000 seconds
[0m01:05:37.746275 [debug] [Thread-4 (]: On model.sdp.stg_prices_adjusted: COMMIT
[0m01:05:37.746501 [debug] [Thread-4 (]: Using duckdb connection "model.sdp.stg_prices_adjusted"
[0m01:05:37.746709 [debug] [Thread-4 (]: On model.sdp.stg_prices_adjusted: COMMIT
[0m01:05:37.831896 [debug] [Thread-4 (]: SQL status: OK in 0.085 seconds
[0m01:05:37.833047 [debug] [Thread-4 (]: Using duckdb connection "model.sdp.stg_prices_adjusted"
[0m01:05:37.833265 [debug] [Thread-4 (]: On model.sdp.stg_prices_adjusted: /* {"app": "dbt", "dbt_version": "1.12.3", "profile_name": "sdp", "target_name": "dev", "node_id": "model.sdp.stg_prices_adjusted"} */

      drop table if exists "sdp"."main_staging"."stg_prices_adjusted__dbt_backup" cascade
    
[0m01:05:37.833633 [debug] [Thread-4 (]: SQL status: OK in 0.000 seconds
[0m01:05:37.834349 [debug] [Thread-4 (]: On model.sdp.stg_prices_adjusted: Close
[0m01:05:37.834652 [debug] [Thread-4 (]: Sending event: {'category': 'dbt', 'action': 'run_model', 'label': '0dda3d7a-beee-437d-8b3a-4c4ac6c7207c', 'context': [<snowplow_tracker.self_describing_json.SelfDescribingJson object at 0x10ab6bb00>]}
[0m01:05:37.834957 [info ] [Thread-4 (]: 8 of 24 OK created sql table model main_staging.stg_prices_adjusted ............ [[32mOK[0m in 0.19s]
[0m01:05:37.835222 [debug] [Thread-4 (]: Finished running node model.sdp.stg_prices_adjusted
[0m01:05:37.835613 [debug] [Thread-1 (]: Began running node test.sdp.assert_a_name_with_no_action_is_unadjusted
[0m01:05:37.835826 [debug] [Thread-3 (]: Began running node test.sdp.assert_adjustment_removes_the_split_jump
[0m01:05:37.836230 [debug] [Thread-2 (]: Began running node test.sdp.assert_an_unknown_dividend_factor_is_not_one
[0m01:05:37.836070 [info ] [Thread-1 (]: 9 of 24 START test assert_a_name_with_no_action_is_unadjusted .................. [RUN]
[0m01:05:37.836456 [debug] [Thread-4 (]: Began running node test.sdp.assert_prices_have_one_row_for_each_key
[0m01:05:37.836649 [info ] [Thread-3 (]: 10 of 24 START test assert_adjustment_removes_the_split_jump ................... [RUN]
[0m01:05:37.836846 [info ] [Thread-2 (]: 11 of 24 START test assert_an_unknown_dividend_factor_is_not_one ............... [RUN]
[0m01:05:37.837080 [debug] [Thread-1 (]: Re-using an available connection from the pool (formerly test.sdp.not_null_stg_corporate_actions_kind.6aef7b1a56, now test.sdp.assert_a_name_with_no_action_is_unadjusted)
[0m01:05:37.837273 [info ] [Thread-4 (]: 12 of 24 START test assert_prices_have_one_row_for_each_key .................... [RUN]
[0m01:05:37.837504 [debug] [Thread-3 (]: Re-using an available connection from the pool (formerly test.sdp.not_null_stg_corporate_actions_ticker.2d46b6edd6, now test.sdp.assert_adjustment_removes_the_split_jump)
[0m01:05:37.837760 [debug] [Thread-2 (]: Re-using an available connection from the pool (formerly test.sdp.assert_the_chained_ratio_reproduces_the_vendor_factor, now test.sdp.assert_an_unknown_dividend_factor_is_not_one)
[0m01:05:37.838078 [debug] [Thread-1 (]: Began compiling node test.sdp.assert_a_name_with_no_action_is_unadjusted
[0m01:05:37.838391 [debug] [Thread-4 (]: Re-using an available connection from the pool (formerly model.sdp.stg_prices_adjusted, now test.sdp.assert_prices_have_one_row_for_each_key)
[0m01:05:37.838592 [debug] [Thread-3 (]: Began compiling node test.sdp.assert_adjustment_removes_the_split_jump
[0m01:05:37.838767 [debug] [Thread-2 (]: Began compiling node test.sdp.assert_an_unknown_dividend_factor_is_not_one
[0m01:05:37.839768 [debug] [Thread-1 (]: Writing injected SQL for node "test.sdp.assert_a_name_with_no_action_is_unadjusted"
[0m01:05:37.839952 [debug] [Thread-4 (]: Began compiling node test.sdp.assert_prices_have_one_row_for_each_key
[0m01:05:37.841550 [debug] [Thread-3 (]: Writing injected SQL for node "test.sdp.assert_adjustment_removes_the_split_jump"
[0m01:05:37.842299 [debug] [Thread-2 (]: Writing injected SQL for node "test.sdp.assert_an_unknown_dividend_factor_is_not_one"
[0m01:05:37.843356 [debug] [Thread-4 (]: Writing injected SQL for node "test.sdp.assert_prices_have_one_row_for_each_key"
[0m01:05:37.843821 [debug] [Thread-1 (]: Began executing node test.sdp.assert_a_name_with_no_action_is_unadjusted
[0m01:05:37.844754 [debug] [Thread-1 (]: Writing runtime sql for node "test.sdp.assert_a_name_with_no_action_is_unadjusted"
[0m01:05:37.845065 [debug] [Thread-3 (]: Began executing node test.sdp.assert_adjustment_removes_the_split_jump
[0m01:05:37.845351 [debug] [Thread-4 (]: Began executing node test.sdp.assert_prices_have_one_row_for_each_key
[0m01:05:37.846171 [debug] [Thread-3 (]: Writing runtime sql for node "test.sdp.assert_adjustment_removes_the_split_jump"
[0m01:05:37.846400 [debug] [Thread-2 (]: Began executing node test.sdp.assert_an_unknown_dividend_factor_is_not_one
[0m01:05:37.847212 [debug] [Thread-4 (]: Writing runtime sql for node "test.sdp.assert_prices_have_one_row_for_each_key"
[0m01:05:37.847428 [debug] [Thread-1 (]: Using duckdb connection "test.sdp.assert_a_name_with_no_action_is_unadjusted"
[0m01:05:37.848184 [debug] [Thread-2 (]: Writing runtime sql for node "test.sdp.assert_an_unknown_dividend_factor_is_not_one"
[0m01:05:37.848478 [debug] [Thread-1 (]: On test.sdp.assert_a_name_with_no_action_is_unadjusted: BEGIN
[0m01:05:37.848685 [debug] [Thread-3 (]: Using duckdb connection "test.sdp.assert_adjustment_removes_the_split_jump"
[0m01:05:37.848928 [debug] [Thread-1 (]: Opening a new connection, currently in state closed
[0m01:05:37.849173 [debug] [Thread-4 (]: Using duckdb connection "test.sdp.assert_prices_have_one_row_for_each_key"
[0m01:05:37.849390 [debug] [Thread-3 (]: On test.sdp.assert_adjustment_removes_the_split_jump: BEGIN
[0m01:05:37.849709 [debug] [Thread-2 (]: Using duckdb connection "test.sdp.assert_an_unknown_dividend_factor_is_not_one"
[0m01:05:37.849899 [debug] [Thread-4 (]: On test.sdp.assert_prices_have_one_row_for_each_key: BEGIN
[0m01:05:37.850095 [debug] [Thread-1 (]: SQL status: OK in 0.001 seconds
[0m01:05:37.850271 [debug] [Thread-3 (]: Opening a new connection, currently in state closed
[0m01:05:37.850463 [debug] [Thread-2 (]: On test.sdp.assert_an_unknown_dividend_factor_is_not_one: BEGIN
[0m01:05:37.850647 [debug] [Thread-4 (]: Opening a new connection, currently in state closed
[0m01:05:37.850814 [debug] [Thread-1 (]: Using duckdb connection "test.sdp.assert_a_name_with_no_action_is_unadjusted"
[0m01:05:37.851028 [debug] [Thread-2 (]: Opening a new connection, currently in state closed
[0m01:05:37.851253 [debug] [Thread-3 (]: SQL status: OK in 0.001 seconds
[0m01:05:37.851448 [debug] [Thread-1 (]: On test.sdp.assert_a_name_with_no_action_is_unadjusted: /* {"app": "dbt", "dbt_version": "1.12.3", "profile_name": "sdp", "target_name": "dev", "node_id": "test.sdp.assert_a_name_with_no_action_is_unadjusted"} */

    
    select
      count(*) as failures,
      count(*) != 0 as should_warn,
      count(*) != 0 as should_error
    from (
      
    
  select ticker, date, close, adj_close_split, adj_close_total
from "sdp"."main_staging"."stg_prices_adjusted"
where next_split_date is null
  and next_dividend_date is null
  and (adj_close_split <> close or adj_close_total is distinct from close)
  
  
      
    ) dbt_internal_test
[0m01:05:37.851676 [debug] [Thread-4 (]: SQL status: OK in 0.001 seconds
[0m01:05:37.851851 [debug] [Thread-3 (]: Using duckdb connection "test.sdp.assert_adjustment_removes_the_split_jump"
[0m01:05:37.852029 [debug] [Thread-2 (]: SQL status: OK in 0.001 seconds
[0m01:05:37.852274 [debug] [Thread-4 (]: Using duckdb connection "test.sdp.assert_prices_have_one_row_for_each_key"
[0m01:05:37.852498 [debug] [Thread-3 (]: On test.sdp.assert_adjustment_removes_the_split_jump: /* {"app": "dbt", "dbt_version": "1.12.3", "profile_name": "sdp", "target_name": "dev", "node_id": "test.sdp.assert_adjustment_removes_the_split_jump"} */

    
    select
      count(*) as failures,
      count(*) != 0 as should_warn,
      count(*) != 0 as should_error
    from (
      
    
  -- The strongest statement about the boundary. Across a split, the unadjusted
-- series has a very large false return and the adjusted series does not.
-- An error of one day makes the adjusted count equal to or larger than the
-- unadjusted count. This test cannot fire on unusual data, because it compares
-- two counts on the same rows.
with steps as (
    select
        ticker,
        date,
        close,
        adj_close_split,
        lag(close)           over w as prev_close,
        lag(adj_close_split) over w as prev_adj,
        lag(date)            over w as prev_date
    from "sdp"."main_staging"."stg_prices_adjusted"
    window w as (partition by ticker order by date)
), boundaries as (
    select s.*
    from steps s
    join "sdp"."main_staging"."stg_corporate_actions" a
      on a.ticker = s.ticker
     and a.kind = 'split'
     and a.event_date > s.prev_date
     and a.event_date <= s.date
    where s.prev_close > 0 and s.prev_adj > 0
), counted as (
    select
        count(*) filter (abs(ln(close / prev_close))                 > ln(2)) as raw_jumps,
        count(*) filter (abs(ln(adj_close_split / prev_adj))         > ln(2)) as adj_jumps
    from boundaries
)
select * from counted where adj_jumps >= raw_jumps
  
  
      
    ) dbt_internal_test
[0m01:05:37.852715 [debug] [Thread-2 (]: Using duckdb connection "test.sdp.assert_an_unknown_dividend_factor_is_not_one"
[0m01:05:37.852982 [debug] [Thread-4 (]: On test.sdp.assert_prices_have_one_row_for_each_key: /* {"app": "dbt", "dbt_version": "1.12.3", "profile_name": "sdp", "target_name": "dev", "node_id": "test.sdp.assert_prices_have_one_row_for_each_key"} */

    
    select
      count(*) as failures,
      count(*) != 0 as should_warn,
      count(*) != 0 as should_error
    from (
      
    
  -- A duplicate (ticker, date) means the as-of join made one price into two, which
-- happens when two corporate actions share a ticker and a date. The model must
-- collapse them before the join.
select ticker, date, count(*) as n
from "sdp"."main_staging"."stg_prices_adjusted"
group by 1, 2
having count(*) > 1
  
  
      
    ) dbt_internal_test
[0m01:05:37.853413 [debug] [Thread-2 (]: On test.sdp.assert_an_unknown_dividend_factor_is_not_one: /* {"app": "dbt", "dbt_version": "1.12.3", "profile_name": "sdp", "target_name": "dev", "node_id": "test.sdp.assert_an_unknown_dividend_factor_is_not_one"} */

    
    select
      count(*) as failures,
      count(*) != 0 as should_warn,
      count(*) != 0 as should_error
    from (
      
    
  -- A later dividend whose factor is null means the factor is unknown. Unknown is
-- not 1.0. adj_close_total must be null on those rows and not equal to the
-- split-adjusted price.
select ticker, date, next_dividend_date, dividend_factor, adj_close_total
from "sdp"."main_staging"."stg_prices_adjusted"
where next_dividend_date is not null
  and dividend_factor is null
  and adj_close_total is not null
  
  
      
    ) dbt_internal_test
[0m01:05:37.855018 [debug] [Thread-1 (]: SQL status: OK in 0.003 seconds
[0m01:05:37.855458 [debug] [Thread-2 (]: SQL status: OK in 0.002 seconds
[0m01:05:37.856350 [debug] [Thread-1 (]: On test.sdp.assert_a_name_with_no_action_is_unadjusted: ROLLBACK
[0m01:05:37.857885 [debug] [Thread-2 (]: On test.sdp.assert_an_unknown_dividend_factor_is_not_one: ROLLBACK
[0m01:05:37.858882 [debug] [Thread-1 (]: On test.sdp.assert_a_name_with_no_action_is_unadjusted: Close
[0m01:05:37.859545 [info ] [Thread-1 (]: 9 of 24 PASS assert_a_name_with_no_action_is_unadjusted ........................ [[32mPASS[0m in 0.02s]
[0m01:05:37.859820 [debug] [Thread-2 (]: On test.sdp.assert_an_unknown_dividend_factor_is_not_one: Close
[0m01:05:37.860165 [debug] [Thread-1 (]: Finished running node test.sdp.assert_a_name_with_no_action_is_unadjusted
[0m01:05:37.860696 [info ] [Thread-2 (]: 11 of 24 PASS assert_an_unknown_dividend_factor_is_not_one ..................... [[32mPASS[0m in 0.02s]
[0m01:05:37.861136 [debug] [Thread-1 (]: Began running node test.sdp.assert_the_factors_multiply
[0m01:05:37.861920 [debug] [Thread-2 (]: Finished running node test.sdp.assert_an_unknown_dividend_factor_is_not_one
[0m01:05:37.862567 [info ] [Thread-1 (]: 13 of 24 START test assert_the_factors_multiply ................................ [RUN]
[0m01:05:37.862846 [debug] [Thread-2 (]: Began running node test.sdp.assert_the_split_boundary_is_strict
[0m01:05:37.863111 [debug] [Thread-1 (]: Re-using an available connection from the pool (formerly test.sdp.assert_a_name_with_no_action_is_unadjusted, now test.sdp.assert_the_factors_multiply)
[0m01:05:37.864171 [debug] [Thread-1 (]: Began compiling node test.sdp.assert_the_factors_multiply
[0m01:05:37.863708 [info ] [Thread-2 (]: 14 of 24 START test assert_the_split_boundary_is_strict ........................ [RUN]
[0m01:05:37.865550 [debug] [Thread-1 (]: Writing injected SQL for node "test.sdp.assert_the_factors_multiply"
[0m01:05:37.865869 [debug] [Thread-2 (]: Re-using an available connection from the pool (formerly test.sdp.assert_an_unknown_dividend_factor_is_not_one, now test.sdp.assert_the_split_boundary_is_strict)
[0m01:05:37.866242 [debug] [Thread-4 (]: SQL status: OK in 0.013 seconds
[0m01:05:37.866460 [debug] [Thread-2 (]: Began compiling node test.sdp.assert_the_split_boundary_is_strict
[0m01:05:37.867722 [debug] [Thread-2 (]: Writing injected SQL for node "test.sdp.assert_the_split_boundary_is_strict"
[0m01:05:37.867964 [debug] [Thread-1 (]: Began executing node test.sdp.assert_the_factors_multiply
[0m01:05:37.868832 [debug] [Thread-4 (]: On test.sdp.assert_prices_have_one_row_for_each_key: ROLLBACK
[0m01:05:37.869684 [debug] [Thread-1 (]: Writing runtime sql for node "test.sdp.assert_the_factors_multiply"
[0m01:05:37.870068 [debug] [Thread-2 (]: Began executing node test.sdp.assert_the_split_boundary_is_strict
[0m01:05:37.870946 [debug] [Thread-2 (]: Writing runtime sql for node "test.sdp.assert_the_split_boundary_is_strict"
[0m01:05:37.871220 [debug] [Thread-4 (]: On test.sdp.assert_prices_have_one_row_for_each_key: Close
[0m01:05:37.871555 [debug] [Thread-3 (]: SQL status: OK in 0.018 seconds
[0m01:05:37.871895 [info ] [Thread-4 (]: 12 of 24 PASS assert_prices_have_one_row_for_each_key .......................... [[32mPASS[0m in 0.03s]
[0m01:05:37.872133 [debug] [Thread-1 (]: Using duckdb connection "test.sdp.assert_the_factors_multiply"
[0m01:05:37.872470 [debug] [Thread-4 (]: Finished running node test.sdp.assert_prices_have_one_row_for_each_key
[0m01:05:37.873398 [debug] [Thread-3 (]: On test.sdp.assert_adjustment_removes_the_split_jump: ROLLBACK
[0m01:05:37.873607 [debug] [Thread-1 (]: On test.sdp.assert_the_factors_multiply: BEGIN
[0m01:05:37.873825 [debug] [Thread-2 (]: Using duckdb connection "test.sdp.assert_the_split_boundary_is_strict"
[0m01:05:37.874046 [debug] [Thread-4 (]: Began running node test.sdp.not_null_stg_prices_adjusted_adj_close_split.6d993e4a7b
[0m01:05:37.874300 [debug] [Thread-1 (]: Opening a new connection, currently in state closed
[0m01:05:37.874491 [debug] [Thread-2 (]: On test.sdp.assert_the_split_boundary_is_strict: BEGIN
[0m01:05:37.874669 [debug] [Thread-3 (]: On test.sdp.assert_adjustment_removes_the_split_jump: Close
[0m01:05:37.874853 [info ] [Thread-4 (]: 15 of 24 START test not_null_stg_prices_adjusted_adj_close_split ............... [RUN]
[0m01:05:37.875117 [debug] [Thread-2 (]: Opening a new connection, currently in state closed
[0m01:05:37.875308 [debug] [Thread-1 (]: SQL status: OK in 0.001 seconds
[0m01:05:37.875585 [info ] [Thread-3 (]: 10 of 24 PASS assert_adjustment_removes_the_split_jump ......................... [[32mPASS[0m in 0.04s]
[0m01:05:37.875815 [debug] [Thread-4 (]: Re-using an available connection from the pool (formerly test.sdp.assert_prices_have_one_row_for_each_key, now test.sdp.not_null_stg_prices_adjusted_adj_close_split.6d993e4a7b)
[0m01:05:37.876064 [debug] [Thread-1 (]: Using duckdb connection "test.sdp.assert_the_factors_multiply"
[0m01:05:37.876329 [debug] [Thread-3 (]: Finished running node test.sdp.assert_adjustment_removes_the_split_jump
[0m01:05:37.876509 [debug] [Thread-2 (]: SQL status: OK in 0.001 seconds
[0m01:05:37.876679 [debug] [Thread-4 (]: Began compiling node test.sdp.not_null_stg_prices_adjusted_adj_close_split.6d993e4a7b
[0m01:05:37.876865 [debug] [Thread-1 (]: On test.sdp.assert_the_factors_multiply: /* {"app": "dbt", "dbt_version": "1.12.3", "profile_name": "sdp", "target_name": "dev", "node_id": "test.sdp.assert_the_factors_multiply"} */

    
    select
      count(*) as failures,
      count(*) != 0 as should_warn,
      count(*) != 0 as should_error
    from (
      
    
  -- Splits and dividends are independent factors and they multiply. Two separate
-- as-of joins, then one product.
select ticker, date, split_factor, dividend_factor, total_factor
from "sdp"."main_staging"."stg_prices_adjusted"
where total_factor is distinct from (split_factor * dividend_factor)
   or adj_close_total is distinct from (close * split_factor * dividend_factor)
  
  
      
    ) dbt_internal_test
[0m01:05:37.877071 [debug] [Thread-3 (]: Began running node test.sdp.not_null_stg_prices_adjusted_date.6f72aaf846
[0m01:05:37.877255 [debug] [Thread-2 (]: Using duckdb connection "test.sdp.assert_the_split_boundary_is_strict"
[0m01:05:37.881194 [debug] [Thread-4 (]: Writing injected SQL for node "test.sdp.not_null_stg_prices_adjusted_adj_close_split.6d993e4a7b"
[0m01:05:37.881513 [info ] [Thread-3 (]: 16 of 24 START test not_null_stg_prices_adjusted_date .......................... [RUN]
[0m01:05:37.881768 [debug] [Thread-2 (]: On test.sdp.assert_the_split_boundary_is_strict: /* {"app": "dbt", "dbt_version": "1.12.3", "profile_name": "sdp", "target_name": "dev", "node_id": "test.sdp.assert_the_split_boundary_is_strict"} */

    
    select
      count(*) as failures,
      count(*) != 0 as should_warn,
      count(*) != 0 as should_error
    from (
      
    
  -- A split applies overnight. On the execution date all trading is already
-- adjusted. The as-of join must therefore use a strict comparison. If it uses
-- ">=" then a bar on the execution date selects that same event.
select ticker, date, next_split_date
from "sdp"."main_staging"."stg_prices_adjusted"
where next_split_date is not null
  and next_split_date <= date
  
  
      
    ) dbt_internal_test
[0m01:05:37.882112 [debug] [Thread-3 (]: Re-using an available connection from the pool (formerly test.sdp.assert_adjustment_removes_the_split_jump, now test.sdp.not_null_stg_prices_adjusted_date.6f72aaf846)
[0m01:05:37.882428 [debug] [Thread-3 (]: Began compiling node test.sdp.not_null_stg_prices_adjusted_date.6f72aaf846
[0m01:05:37.886149 [debug] [Thread-3 (]: Writing injected SQL for node "test.sdp.not_null_stg_prices_adjusted_date.6f72aaf846"
[0m01:05:37.886428 [debug] [Thread-4 (]: Began executing node test.sdp.not_null_stg_prices_adjusted_adj_close_split.6d993e4a7b
[0m01:05:37.886650 [debug] [Thread-1 (]: SQL status: OK in 0.005 seconds
[0m01:05:37.886842 [debug] [Thread-2 (]: SQL status: OK in 0.005 seconds
[0m01:05:37.887692 [debug] [Thread-4 (]: Writing runtime sql for node "test.sdp.not_null_stg_prices_adjusted_adj_close_split.6d993e4a7b"
[0m01:05:37.888615 [debug] [Thread-1 (]: On test.sdp.assert_the_factors_multiply: ROLLBACK
[0m01:05:37.888854 [debug] [Thread-3 (]: Began executing node test.sdp.not_null_stg_prices_adjusted_date.6f72aaf846
[0m01:05:37.889695 [debug] [Thread-2 (]: On test.sdp.assert_the_split_boundary_is_strict: ROLLBACK
[0m01:05:37.890592 [debug] [Thread-3 (]: Writing runtime sql for node "test.sdp.not_null_stg_prices_adjusted_date.6f72aaf846"
[0m01:05:37.890870 [debug] [Thread-4 (]: Using duckdb connection "test.sdp.not_null_stg_prices_adjusted_adj_close_split.6d993e4a7b"
[0m01:05:37.891125 [debug] [Thread-1 (]: On test.sdp.assert_the_factors_multiply: Close
[0m01:05:37.891385 [debug] [Thread-4 (]: On test.sdp.not_null_stg_prices_adjusted_adj_close_split.6d993e4a7b: BEGIN
[0m01:05:37.891591 [debug] [Thread-2 (]: On test.sdp.assert_the_split_boundary_is_strict: Close
[0m01:05:37.892072 [info ] [Thread-1 (]: 13 of 24 PASS assert_the_factors_multiply ...................................... [[32mPASS[0m in 0.03s]
[0m01:05:37.892283 [debug] [Thread-4 (]: Opening a new connection, currently in state closed
[0m01:05:37.892490 [debug] [Thread-3 (]: Using duckdb connection "test.sdp.not_null_stg_prices_adjusted_date.6f72aaf846"
[0m01:05:37.892833 [info ] [Thread-2 (]: 14 of 24 PASS assert_the_split_boundary_is_strict .............................. [[32mPASS[0m in 0.03s]
[0m01:05:37.893187 [debug] [Thread-1 (]: Finished running node test.sdp.assert_the_factors_multiply
[0m01:05:37.893512 [debug] [Thread-3 (]: On test.sdp.not_null_stg_prices_adjusted_date.6f72aaf846: BEGIN
[0m01:05:37.893781 [debug] [Thread-2 (]: Finished running node test.sdp.assert_the_split_boundary_is_strict
[0m01:05:37.893968 [debug] [Thread-4 (]: SQL status: OK in 0.002 seconds
[0m01:05:37.894335 [debug] [Thread-1 (]: Began running node test.sdp.not_null_stg_prices_adjusted_split_factor.de9f58b70d
[0m01:05:37.894543 [debug] [Thread-3 (]: Opening a new connection, currently in state closed
[0m01:05:37.894747 [debug] [Thread-2 (]: Began running node test.sdp.not_null_stg_prices_adjusted_ticker.e603653604
[0m01:05:37.894954 [debug] [Thread-4 (]: Using duckdb connection "test.sdp.not_null_stg_prices_adjusted_adj_close_split.6d993e4a7b"
[0m01:05:37.895184 [info ] [Thread-1 (]: 17 of 24 START test not_null_stg_prices_adjusted_split_factor .................. [RUN]
[0m01:05:37.895524 [info ] [Thread-2 (]: 18 of 24 START test not_null_stg_prices_adjusted_ticker ........................ [RUN]
[0m01:05:37.895767 [debug] [Thread-4 (]: On test.sdp.not_null_stg_prices_adjusted_adj_close_split.6d993e4a7b: /* {"app": "dbt", "dbt_version": "1.12.3", "profile_name": "sdp", "target_name": "dev", "node_id": "test.sdp.not_null_stg_prices_adjusted_adj_close_split.6d993e4a7b"} */

    
    select
      count(*) as failures,
      count(*) != 0 as should_warn,
      count(*) != 0 as should_error
    from (
      
    
  
    
    



select adj_close_split
from "sdp"."main_staging"."stg_prices_adjusted"
where adj_close_split is null



  
  
      
    ) dbt_internal_test
[0m01:05:37.895973 [debug] [Thread-3 (]: SQL status: OK in 0.001 seconds
[0m01:05:37.896235 [debug] [Thread-1 (]: Re-using an available connection from the pool (formerly test.sdp.assert_the_factors_multiply, now test.sdp.not_null_stg_prices_adjusted_split_factor.de9f58b70d)
[0m01:05:37.896670 [debug] [Thread-2 (]: Re-using an available connection from the pool (formerly test.sdp.assert_the_split_boundary_is_strict, now test.sdp.not_null_stg_prices_adjusted_ticker.e603653604)
[0m01:05:37.896985 [debug] [Thread-3 (]: Using duckdb connection "test.sdp.not_null_stg_prices_adjusted_date.6f72aaf846"
[0m01:05:37.897306 [debug] [Thread-1 (]: Began compiling node test.sdp.not_null_stg_prices_adjusted_split_factor.de9f58b70d
[0m01:05:37.897500 [debug] [Thread-2 (]: Began compiling node test.sdp.not_null_stg_prices_adjusted_ticker.e603653604
[0m01:05:37.897681 [debug] [Thread-4 (]: SQL status: OK in 0.001 seconds
[0m01:05:37.897896 [debug] [Thread-3 (]: On test.sdp.not_null_stg_prices_adjusted_date.6f72aaf846: /* {"app": "dbt", "dbt_version": "1.12.3", "profile_name": "sdp", "target_name": "dev", "node_id": "test.sdp.not_null_stg_prices_adjusted_date.6f72aaf846"} */

    
    select
      count(*) as failures,
      count(*) != 0 as should_warn,
      count(*) != 0 as should_error
    from (
      
    
  
    
    



select date
from "sdp"."main_staging"."stg_prices_adjusted"
where date is null



  
  
      
    ) dbt_internal_test
[0m01:05:37.901694 [debug] [Thread-1 (]: Writing injected SQL for node "test.sdp.not_null_stg_prices_adjusted_split_factor.de9f58b70d"
[0m01:05:37.905054 [debug] [Thread-2 (]: Writing injected SQL for node "test.sdp.not_null_stg_prices_adjusted_ticker.e603653604"
[0m01:05:37.905899 [debug] [Thread-4 (]: On test.sdp.not_null_stg_prices_adjusted_adj_close_split.6d993e4a7b: ROLLBACK
[0m01:05:37.906323 [debug] [Thread-4 (]: On test.sdp.not_null_stg_prices_adjusted_adj_close_split.6d993e4a7b: Close
[0m01:05:37.906541 [debug] [Thread-3 (]: SQL status: OK in 0.001 seconds
[0m01:05:37.906753 [debug] [Thread-1 (]: Began executing node test.sdp.not_null_stg_prices_adjusted_split_factor.de9f58b70d
[0m01:05:37.907031 [info ] [Thread-4 (]: 15 of 24 PASS not_null_stg_prices_adjusted_adj_close_split ..................... [[32mPASS[0m in 0.03s]
[0m01:05:37.907830 [debug] [Thread-1 (]: Writing runtime sql for node "test.sdp.not_null_stg_prices_adjusted_split_factor.de9f58b70d"
[0m01:05:37.908007 [debug] [Thread-2 (]: Began executing node test.sdp.not_null_stg_prices_adjusted_ticker.e603653604
[0m01:05:37.908691 [debug] [Thread-3 (]: On test.sdp.not_null_stg_prices_adjusted_date.6f72aaf846: ROLLBACK
[0m01:05:37.908950 [debug] [Thread-4 (]: Finished running node test.sdp.not_null_stg_prices_adjusted_adj_close_split.6d993e4a7b
[0m01:05:37.909716 [debug] [Thread-2 (]: Writing runtime sql for node "test.sdp.not_null_stg_prices_adjusted_ticker.e603653604"
[0m01:05:37.910051 [debug] [Thread-3 (]: On test.sdp.not_null_stg_prices_adjusted_date.6f72aaf846: Close
[0m01:05:37.910260 [debug] [Thread-1 (]: Using duckdb connection "test.sdp.not_null_stg_prices_adjusted_split_factor.de9f58b70d"
[0m01:05:37.910551 [info ] [Thread-3 (]: 16 of 24 PASS not_null_stg_prices_adjusted_date ................................ [[32mPASS[0m in 0.03s]
[0m01:05:37.910752 [debug] [Thread-1 (]: On test.sdp.not_null_stg_prices_adjusted_split_factor.de9f58b70d: BEGIN
[0m01:05:37.911115 [debug] [Thread-3 (]: Finished running node test.sdp.not_null_stg_prices_adjusted_date.6f72aaf846
[0m01:05:37.911299 [debug] [Thread-1 (]: Opening a new connection, currently in state closed
[0m01:05:37.911489 [debug] [Thread-2 (]: Using duckdb connection "test.sdp.not_null_stg_prices_adjusted_ticker.e603653604"
[0m01:05:37.911746 [debug] [Thread-2 (]: On test.sdp.not_null_stg_prices_adjusted_ticker.e603653604: BEGIN
[0m01:05:37.911907 [debug] [Thread-2 (]: Opening a new connection, currently in state closed
[0m01:05:37.912077 [debug] [Thread-1 (]: SQL status: OK in 0.001 seconds
[0m01:05:37.912295 [debug] [Thread-1 (]: Using duckdb connection "test.sdp.not_null_stg_prices_adjusted_split_factor.de9f58b70d"
[0m01:05:37.912479 [debug] [Thread-1 (]: On test.sdp.not_null_stg_prices_adjusted_split_factor.de9f58b70d: /* {"app": "dbt", "dbt_version": "1.12.3", "profile_name": "sdp", "target_name": "dev", "node_id": "test.sdp.not_null_stg_prices_adjusted_split_factor.de9f58b70d"} */

    
    select
      count(*) as failures,
      count(*) != 0 as should_warn,
      count(*) != 0 as should_error
    from (
      
    
  
    
    



select split_factor
from "sdp"."main_staging"."stg_prices_adjusted"
where split_factor is null



  
  
      
    ) dbt_internal_test
[0m01:05:37.912663 [debug] [Thread-2 (]: SQL status: OK in 0.001 seconds
[0m01:05:37.912872 [debug] [Thread-2 (]: Using duckdb connection "test.sdp.not_null_stg_prices_adjusted_ticker.e603653604"
[0m01:05:37.913060 [debug] [Thread-2 (]: On test.sdp.not_null_stg_prices_adjusted_ticker.e603653604: /* {"app": "dbt", "dbt_version": "1.12.3", "profile_name": "sdp", "target_name": "dev", "node_id": "test.sdp.not_null_stg_prices_adjusted_ticker.e603653604"} */

    
    select
      count(*) as failures,
      count(*) != 0 as should_warn,
      count(*) != 0 as should_error
    from (
      
    
  
    
    



select ticker
from "sdp"."main_staging"."stg_prices_adjusted"
where ticker is null



  
  
      
    ) dbt_internal_test
[0m01:05:37.913284 [debug] [Thread-1 (]: SQL status: OK in 0.000 seconds
[0m01:05:37.913484 [debug] [Thread-2 (]: SQL status: OK in 0.000 seconds
[0m01:05:37.914170 [debug] [Thread-1 (]: On test.sdp.not_null_stg_prices_adjusted_split_factor.de9f58b70d: ROLLBACK
[0m01:05:37.914886 [debug] [Thread-2 (]: On test.sdp.not_null_stg_prices_adjusted_ticker.e603653604: ROLLBACK
[0m01:05:37.915087 [debug] [Thread-1 (]: On test.sdp.not_null_stg_prices_adjusted_split_factor.de9f58b70d: Close
[0m01:05:37.915371 [info ] [Thread-1 (]: 17 of 24 PASS not_null_stg_prices_adjusted_split_factor ........................ [[32mPASS[0m in 0.02s]
[0m01:05:37.915555 [debug] [Thread-2 (]: On test.sdp.not_null_stg_prices_adjusted_ticker.e603653604: Close
[0m01:05:37.915793 [debug] [Thread-1 (]: Finished running node test.sdp.not_null_stg_prices_adjusted_split_factor.de9f58b70d
[0m01:05:37.916055 [info ] [Thread-2 (]: 18 of 24 PASS not_null_stg_prices_adjusted_ticker .............................. [[32mPASS[0m in 0.02s]
[0m01:05:37.916358 [debug] [Thread-2 (]: Finished running node test.sdp.not_null_stg_prices_adjusted_ticker.e603653604
[0m01:05:37.916663 [debug] [Thread-4 (]: Began running node model.sdp.stg_universe
[0m01:05:37.916895 [info ] [Thread-4 (]: 19 of 24 START sql table model main_staging.stg_universe ....................... [RUN]
[0m01:05:37.917156 [debug] [Thread-4 (]: Re-using an available connection from the pool (formerly test.sdp.not_null_stg_prices_adjusted_adj_close_split.6d993e4a7b, now model.sdp.stg_universe)
[0m01:05:37.917329 [debug] [Thread-4 (]: Began compiling node model.sdp.stg_universe
[0m01:05:37.919669 [debug] [Thread-4 (]: Writing injected SQL for node "model.sdp.stg_universe"
[0m01:05:37.919999 [debug] [Thread-4 (]: Began executing node model.sdp.stg_universe
[0m01:05:37.921436 [debug] [Thread-4 (]: Writing runtime sql for node "model.sdp.stg_universe"
[0m01:05:37.921753 [debug] [Thread-4 (]: Using duckdb connection "model.sdp.stg_universe"
[0m01:05:37.921922 [debug] [Thread-4 (]: On model.sdp.stg_universe: BEGIN
[0m01:05:37.922073 [debug] [Thread-4 (]: Opening a new connection, currently in state closed
[0m01:05:37.922326 [debug] [Thread-4 (]: SQL status: OK in 0.000 seconds
[0m01:05:37.922487 [debug] [Thread-4 (]: Using duckdb connection "model.sdp.stg_universe"
[0m01:05:37.922707 [debug] [Thread-4 (]: On model.sdp.stg_universe: /* {"app": "dbt", "dbt_version": "1.12.3", "profile_name": "sdp", "target_name": "dev", "node_id": "model.sdp.stg_universe"} */

    

    create  table
      "sdp"."main_staging"."stg_universe__dbt_tmp"
  
    
    as (
      

with reference as (

    select
        ticker,
        cast(date as date)      as date,
        name,
        type,
        primary_exchange,
        active,
        currency_name,
        cik,
        composite_figi,
        share_class_figi
    from read_parquet(
        '/Users/aray/strategic-data-platform/data/raw/massive_tickers/date=*/data.parquet',
        hive_partitioning = true
    )

), keyed as (

    select
        *,
        
        coalesce(
            share_class_figi,
            composite_figi,
            nullif(cik, '') || '.' || ticker,
            'TICKER.' || ticker
        ) as security_key,
        case
            when share_class_figi is not null then 'share_class_figi'
            when composite_figi   is not null then 'composite_figi'
            when nullif(cik, '')  is not null then 'cik_ticker'
            else 'ticker_only'
        end as key_rule
    from reference

), bars as (

    select
        ticker,
        date,
        close,
        dollar_volume
    from "sdp"."main_staging"."stg_prices_adjusted"

), liquidity as (

    select
        ticker,
        date,
        close,
        dollar_volume,
        avg(dollar_volume) over w      as adv,
        count(dollar_volume) over w    as days_in_window,
        count(*) over (
            partition by ticker order by date
            rows between unbounded preceding and current row
        )                              as bars_seen
    from bars
    window w as (
        partition by ticker order by date
        rows between 20 preceding and 1 preceding
    )

), joined as (

    select
        k.date,
        k.ticker,
        k.security_key,
        k.key_rule,
        k.name,
        k.type,
        k.primary_exchange,
        t.close,
        t.dollar_volume,
        t.adv,
        t.days_in_window,
        t.bars_seen,

        k.type in ('CS')
            and k.primary_exchange in ('XNYS','XNAS','XASE')
            and k.active                                    as passes_instrument,

        t.close        >= 5.0             as passes_price,
        t.adv          >= 1000000     as passes_adv,
        t.days_in_window >= 15  as passes_history,
        t.bars_seen    >= 60 as passes_seasoning

    from keyed k
    inner join liquidity t
        on k.ticker = t.ticker
       and k.date   = t.date

)

select
    *,
    coalesce(passes_price, false)
        and coalesce(passes_adv, false)
        and coalesce(passes_history, false)
        and coalesce(passes_seasoning, false)   as passes_liquidity,
    passes_instrument
        and coalesce(passes_price, false)
        and coalesce(passes_adv, false)
        and coalesce(passes_history, false)
        and coalesce(passes_seasoning, false)   as in_universe
from joined
    );
    
  
[0m01:05:38.009894 [debug] [Thread-4 (]: SQL status: OK in 0.087 seconds
[0m01:05:38.011245 [debug] [Thread-4 (]: Using duckdb connection "model.sdp.stg_universe"
[0m01:05:38.011461 [debug] [Thread-4 (]: On model.sdp.stg_universe: /* {"app": "dbt", "dbt_version": "1.12.3", "profile_name": "sdp", "target_name": "dev", "node_id": "model.sdp.stg_universe"} */
alter table "sdp"."main_staging"."stg_universe__dbt_tmp" rename to "stg_universe"
[0m01:05:38.011852 [debug] [Thread-4 (]: SQL status: OK in 0.000 seconds
[0m01:05:38.012641 [debug] [Thread-4 (]: On model.sdp.stg_universe: COMMIT
[0m01:05:38.012848 [debug] [Thread-4 (]: Using duckdb connection "model.sdp.stg_universe"
[0m01:05:38.013014 [debug] [Thread-4 (]: On model.sdp.stg_universe: COMMIT
[0m01:05:38.216504 [debug] [Thread-4 (]: SQL status: OK in 0.203 seconds
[0m01:05:38.218267 [debug] [Thread-4 (]: Using duckdb connection "model.sdp.stg_universe"
[0m01:05:38.218462 [debug] [Thread-4 (]: On model.sdp.stg_universe: /* {"app": "dbt", "dbt_version": "1.12.3", "profile_name": "sdp", "target_name": "dev", "node_id": "model.sdp.stg_universe"} */

      drop table if exists "sdp"."main_staging"."stg_universe__dbt_backup" cascade
    
[0m01:05:38.218810 [debug] [Thread-4 (]: SQL status: OK in 0.000 seconds
[0m01:05:38.219523 [debug] [Thread-4 (]: On model.sdp.stg_universe: Close
[0m01:05:38.219833 [debug] [Thread-4 (]: Sending event: {'category': 'dbt', 'action': 'run_model', 'label': '0dda3d7a-beee-437d-8b3a-4c4ac6c7207c', 'context': [<snowplow_tracker.self_describing_json.SelfDescribingJson object at 0x10afc6240>]}
[0m01:05:38.220136 [info ] [Thread-4 (]: 19 of 24 OK created sql table model main_staging.stg_universe .................. [[32mOK[0m in 0.30s]
[0m01:05:38.220402 [debug] [Thread-4 (]: Finished running node model.sdp.stg_universe
[0m01:05:38.220766 [debug] [Thread-1 (]: Began running node test.sdp.accepted_values_stg_universe_key_rule__share_class_figi__composite_figi__cik_ticker__ticker_only.1b4657682b
[0m01:05:38.221005 [debug] [Thread-2 (]: Began running node test.sdp.assert_the_liquidity_window_ends_before_the_date
[0m01:05:38.221252 [info ] [Thread-1 (]: 20 of 24 START test accepted_values_stg_universe_key_rule__share_class_figi__composite_figi__cik_ticker__ticker_only  [RUN]
[0m01:05:38.221473 [debug] [Thread-3 (]: Began running node test.sdp.not_null_stg_universe_date.ba8068f008
[0m01:05:38.221667 [info ] [Thread-2 (]: 21 of 24 START test assert_the_liquidity_window_ends_before_the_date ........... [RUN]
[0m01:05:38.221861 [debug] [Thread-4 (]: Began running node test.sdp.not_null_stg_universe_security_key.a361ffe401
[0m01:05:38.222072 [debug] [Thread-1 (]: Re-using an available connection from the pool (formerly test.sdp.not_null_stg_prices_adjusted_split_factor.de9f58b70d, now test.sdp.accepted_values_stg_universe_key_rule__share_class_figi__composite_figi__cik_ticker__ticker_only.1b4657682b)
[0m01:05:38.222264 [info ] [Thread-3 (]: 22 of 24 START test not_null_stg_universe_date ................................. [RUN]
[0m01:05:38.222478 [debug] [Thread-2 (]: Re-using an available connection from the pool (formerly test.sdp.not_null_stg_prices_adjusted_ticker.e603653604, now test.sdp.assert_the_liquidity_window_ends_before_the_date)
[0m01:05:38.222653 [info ] [Thread-4 (]: 23 of 24 START test not_null_stg_universe_security_key ......................... [RUN]
[0m01:05:38.222841 [debug] [Thread-1 (]: Began compiling node test.sdp.accepted_values_stg_universe_key_rule__share_class_figi__composite_figi__cik_ticker__ticker_only.1b4657682b
[0m01:05:38.223050 [debug] [Thread-3 (]: Re-using an available connection from the pool (formerly test.sdp.not_null_stg_prices_adjusted_date.6f72aaf846, now test.sdp.not_null_stg_universe_date.ba8068f008)
[0m01:05:38.223223 [debug] [Thread-2 (]: Began compiling node test.sdp.assert_the_liquidity_window_ends_before_the_date
[0m01:05:38.223408 [debug] [Thread-4 (]: Re-using an available connection from the pool (formerly model.sdp.stg_universe, now test.sdp.not_null_stg_universe_security_key.a361ffe401)
[0m01:05:38.227069 [debug] [Thread-1 (]: Writing injected SQL for node "test.sdp.accepted_values_stg_universe_key_rule__share_class_figi__composite_figi__cik_ticker__ticker_only.1b4657682b"
[0m01:05:38.227280 [debug] [Thread-3 (]: Began compiling node test.sdp.not_null_stg_universe_date.ba8068f008
[0m01:05:38.228373 [debug] [Thread-2 (]: Writing injected SQL for node "test.sdp.assert_the_liquidity_window_ends_before_the_date"
[0m01:05:38.228579 [debug] [Thread-4 (]: Began compiling node test.sdp.not_null_stg_universe_security_key.a361ffe401
[0m01:05:38.232084 [debug] [Thread-3 (]: Writing injected SQL for node "test.sdp.not_null_stg_universe_date.ba8068f008"
[0m01:05:38.235434 [debug] [Thread-4 (]: Writing injected SQL for node "test.sdp.not_null_stg_universe_security_key.a361ffe401"
[0m01:05:38.235825 [debug] [Thread-2 (]: Began executing node test.sdp.assert_the_liquidity_window_ends_before_the_date
[0m01:05:38.236032 [debug] [Thread-1 (]: Began executing node test.sdp.accepted_values_stg_universe_key_rule__share_class_figi__composite_figi__cik_ticker__ticker_only.1b4657682b
[0m01:05:38.236816 [debug] [Thread-2 (]: Writing runtime sql for node "test.sdp.assert_the_liquidity_window_ends_before_the_date"
[0m01:05:38.237656 [debug] [Thread-1 (]: Writing runtime sql for node "test.sdp.accepted_values_stg_universe_key_rule__share_class_figi__composite_figi__cik_ticker__ticker_only.1b4657682b"
[0m01:05:38.237863 [debug] [Thread-4 (]: Began executing node test.sdp.not_null_stg_universe_security_key.a361ffe401
[0m01:05:38.238113 [debug] [Thread-3 (]: Began executing node test.sdp.not_null_stg_universe_date.ba8068f008
[0m01:05:38.238814 [debug] [Thread-4 (]: Writing runtime sql for node "test.sdp.not_null_stg_universe_security_key.a361ffe401"
[0m01:05:38.239550 [debug] [Thread-3 (]: Writing runtime sql for node "test.sdp.not_null_stg_universe_date.ba8068f008"
[0m01:05:38.239754 [debug] [Thread-2 (]: Using duckdb connection "test.sdp.assert_the_liquidity_window_ends_before_the_date"
[0m01:05:38.240048 [debug] [Thread-1 (]: Using duckdb connection "test.sdp.accepted_values_stg_universe_key_rule__share_class_figi__composite_figi__cik_ticker__ticker_only.1b4657682b"
[0m01:05:38.240251 [debug] [Thread-2 (]: On test.sdp.assert_the_liquidity_window_ends_before_the_date: BEGIN
[0m01:05:38.240523 [debug] [Thread-1 (]: On test.sdp.accepted_values_stg_universe_key_rule__share_class_figi__composite_figi__cik_ticker__ticker_only.1b4657682b: BEGIN
[0m01:05:38.240751 [debug] [Thread-3 (]: Using duckdb connection "test.sdp.not_null_stg_universe_date.ba8068f008"
[0m01:05:38.240929 [debug] [Thread-2 (]: Opening a new connection, currently in state closed
[0m01:05:38.241120 [debug] [Thread-1 (]: Opening a new connection, currently in state closed
[0m01:05:38.241296 [debug] [Thread-4 (]: Using duckdb connection "test.sdp.not_null_stg_universe_security_key.a361ffe401"
[0m01:05:38.241460 [debug] [Thread-3 (]: On test.sdp.not_null_stg_universe_date.ba8068f008: BEGIN
[0m01:05:38.241769 [debug] [Thread-4 (]: On test.sdp.not_null_stg_universe_security_key.a361ffe401: BEGIN
[0m01:05:38.241963 [debug] [Thread-2 (]: SQL status: OK in 0.001 seconds
[0m01:05:38.242120 [debug] [Thread-3 (]: Opening a new connection, currently in state closed
[0m01:05:38.242287 [debug] [Thread-1 (]: SQL status: OK in 0.001 seconds
[0m01:05:38.242448 [debug] [Thread-4 (]: Opening a new connection, currently in state closed
[0m01:05:38.242622 [debug] [Thread-2 (]: Using duckdb connection "test.sdp.assert_the_liquidity_window_ends_before_the_date"
[0m01:05:38.242826 [debug] [Thread-1 (]: Using duckdb connection "test.sdp.accepted_values_stg_universe_key_rule__share_class_figi__composite_figi__cik_ticker__ticker_only.1b4657682b"
[0m01:05:38.243034 [debug] [Thread-3 (]: SQL status: OK in 0.001 seconds
[0m01:05:38.243227 [debug] [Thread-2 (]: On test.sdp.assert_the_liquidity_window_ends_before_the_date: /* {"app": "dbt", "dbt_version": "1.12.3", "profile_name": "sdp", "target_name": "dev", "node_id": "test.sdp.assert_the_liquidity_window_ends_before_the_date"} */

    
    select
      count(*) as failures,
      count(*) != 0 as should_warn,
      count(*) != 0 as should_error
    from (
      
    
  -- The trailing window must end at D-1. A window that includes D uses the volume
-- of the day on which the position opens, which the strategy cannot know.
-- This test recomputes the average a second time and compares. A change of the
-- frame to "current row" makes it fail on almost every row.
with recomputed as (
    select
        ticker,
        date,
        avg(dollar_volume) over (
            partition by ticker order by date
            rows between 20 preceding and 1 preceding
        ) as adv_excluding_today
    from "sdp"."main_staging"."stg_prices_adjusted"
)
select u.ticker, u.date, u.adv, r.adv_excluding_today
from "sdp"."main_staging"."stg_universe" u
join recomputed r
  on u.ticker = r.ticker
 and u.date   = r.date
where u.adv is distinct from r.adv_excluding_today
  
  
      
    ) dbt_internal_test
[0m01:05:38.243454 [debug] [Thread-1 (]: On test.sdp.accepted_values_stg_universe_key_rule__share_class_figi__composite_figi__cik_ticker__ticker_only.1b4657682b: /* {"app": "dbt", "dbt_version": "1.12.3", "profile_name": "sdp", "target_name": "dev", "node_id": "test.sdp.accepted_values_stg_universe_key_rule__share_class_figi__composite_figi__cik_ticker__ticker_only.1b4657682b"} */

    
    select
      count(*) as failures,
      count(*) != 0 as should_warn,
      count(*) != 0 as should_error
    from (
      
    
  
    
    

with all_values as (

    select
        key_rule as value_field,
        count(*) as n_records

    from "sdp"."main_staging"."stg_universe"
    group by key_rule

)

select *
from all_values
where value_field not in (
    'share_class_figi','composite_figi','cik_ticker','ticker_only'
)



  
  
      
    ) dbt_internal_test
[0m01:05:38.243624 [debug] [Thread-4 (]: SQL status: OK in 0.001 seconds
[0m01:05:38.243780 [debug] [Thread-3 (]: Using duckdb connection "test.sdp.not_null_stg_universe_date.ba8068f008"
[0m01:05:38.244100 [debug] [Thread-4 (]: Using duckdb connection "test.sdp.not_null_stg_universe_security_key.a361ffe401"
[0m01:05:38.244297 [debug] [Thread-3 (]: On test.sdp.not_null_stg_universe_date.ba8068f008: /* {"app": "dbt", "dbt_version": "1.12.3", "profile_name": "sdp", "target_name": "dev", "node_id": "test.sdp.not_null_stg_universe_date.ba8068f008"} */

    
    select
      count(*) as failures,
      count(*) != 0 as should_warn,
      count(*) != 0 as should_error
    from (
      
    
  
    
    



select date
from "sdp"."main_staging"."stg_universe"
where date is null



  
  
      
    ) dbt_internal_test
[0m01:05:38.244522 [debug] [Thread-4 (]: On test.sdp.not_null_stg_universe_security_key.a361ffe401: /* {"app": "dbt", "dbt_version": "1.12.3", "profile_name": "sdp", "target_name": "dev", "node_id": "test.sdp.not_null_stg_universe_security_key.a361ffe401"} */

    
    select
      count(*) as failures,
      count(*) != 0 as should_warn,
      count(*) != 0 as should_error
    from (
      
    
  
    
    



select security_key
from "sdp"."main_staging"."stg_universe"
where security_key is null



  
  
      
    ) dbt_internal_test
[0m01:05:38.245754 [debug] [Thread-4 (]: SQL status: OK in 0.000 seconds
[0m01:05:38.245997 [debug] [Thread-3 (]: SQL status: OK in 0.001 seconds
[0m01:05:38.246192 [debug] [Thread-1 (]: SQL status: OK in 0.002 seconds
[0m01:05:38.247057 [debug] [Thread-4 (]: On test.sdp.not_null_stg_universe_security_key.a361ffe401: ROLLBACK
[0m01:05:38.247834 [debug] [Thread-3 (]: On test.sdp.not_null_stg_universe_date.ba8068f008: ROLLBACK
[0m01:05:38.248638 [debug] [Thread-1 (]: On test.sdp.accepted_values_stg_universe_key_rule__share_class_figi__composite_figi__cik_ticker__ticker_only.1b4657682b: ROLLBACK
[0m01:05:38.248996 [debug] [Thread-4 (]: On test.sdp.not_null_stg_universe_security_key.a361ffe401: Close
[0m01:05:38.249185 [debug] [Thread-3 (]: On test.sdp.not_null_stg_universe_date.ba8068f008: Close
[0m01:05:38.249411 [debug] [Thread-1 (]: On test.sdp.accepted_values_stg_universe_key_rule__share_class_figi__composite_figi__cik_ticker__ticker_only.1b4657682b: Close
[0m01:05:38.249777 [info ] [Thread-4 (]: 23 of 24 PASS not_null_stg_universe_security_key ............................... [[32mPASS[0m in 0.03s]
[0m01:05:38.250220 [info ] [Thread-3 (]: 22 of 24 PASS not_null_stg_universe_date ....................................... [[32mPASS[0m in 0.03s]
[0m01:05:38.251134 [info ] [Thread-1 (]: 20 of 24 PASS accepted_values_stg_universe_key_rule__share_class_figi__composite_figi__cik_ticker__ticker_only  [[32mPASS[0m in 0.03s]
[0m01:05:38.251776 [debug] [Thread-4 (]: Finished running node test.sdp.not_null_stg_universe_security_key.a361ffe401
[0m01:05:38.252156 [debug] [Thread-3 (]: Finished running node test.sdp.not_null_stg_universe_date.ba8068f008
[0m01:05:38.252451 [debug] [Thread-1 (]: Finished running node test.sdp.accepted_values_stg_universe_key_rule__share_class_figi__composite_figi__cik_ticker__ticker_only.1b4657682b
[0m01:05:38.252682 [debug] [Thread-4 (]: Began running node test.sdp.not_null_stg_universe_ticker.d0f2f9b0fa
[0m01:05:38.253012 [info ] [Thread-4 (]: 24 of 24 START test not_null_stg_universe_ticker ............................... [RUN]
[0m01:05:38.253264 [debug] [Thread-4 (]: Re-using an available connection from the pool (formerly test.sdp.not_null_stg_universe_security_key.a361ffe401, now test.sdp.not_null_stg_universe_ticker.d0f2f9b0fa)
[0m01:05:38.253450 [debug] [Thread-4 (]: Began compiling node test.sdp.not_null_stg_universe_ticker.d0f2f9b0fa
[0m01:05:38.257559 [debug] [Thread-4 (]: Writing injected SQL for node "test.sdp.not_null_stg_universe_ticker.d0f2f9b0fa"
[0m01:05:38.258011 [debug] [Thread-4 (]: Began executing node test.sdp.not_null_stg_universe_ticker.d0f2f9b0fa
[0m01:05:38.258765 [debug] [Thread-4 (]: Writing runtime sql for node "test.sdp.not_null_stg_universe_ticker.d0f2f9b0fa"
[0m01:05:38.259097 [debug] [Thread-4 (]: Using duckdb connection "test.sdp.not_null_stg_universe_ticker.d0f2f9b0fa"
[0m01:05:38.259280 [debug] [Thread-4 (]: On test.sdp.not_null_stg_universe_ticker.d0f2f9b0fa: BEGIN
[0m01:05:38.259445 [debug] [Thread-4 (]: Opening a new connection, currently in state closed
[0m01:05:38.259765 [debug] [Thread-4 (]: SQL status: OK in 0.000 seconds
[0m01:05:38.259931 [debug] [Thread-4 (]: Using duckdb connection "test.sdp.not_null_stg_universe_ticker.d0f2f9b0fa"
[0m01:05:38.260102 [debug] [Thread-4 (]: On test.sdp.not_null_stg_universe_ticker.d0f2f9b0fa: /* {"app": "dbt", "dbt_version": "1.12.3", "profile_name": "sdp", "target_name": "dev", "node_id": "test.sdp.not_null_stg_universe_ticker.d0f2f9b0fa"} */

    
    select
      count(*) as failures,
      count(*) != 0 as should_warn,
      count(*) != 0 as should_error
    from (
      
    
  
    
    



select ticker
from "sdp"."main_staging"."stg_universe"
where ticker is null



  
  
      
    ) dbt_internal_test
[0m01:05:38.260557 [debug] [Thread-4 (]: SQL status: OK in 0.000 seconds
[0m01:05:38.261370 [debug] [Thread-4 (]: On test.sdp.not_null_stg_universe_ticker.d0f2f9b0fa: ROLLBACK
[0m01:05:38.261621 [debug] [Thread-4 (]: On test.sdp.not_null_stg_universe_ticker.d0f2f9b0fa: Close
[0m01:05:38.261919 [info ] [Thread-4 (]: 24 of 24 PASS not_null_stg_universe_ticker ..................................... [[32mPASS[0m in 0.01s]
[0m01:05:38.262197 [debug] [Thread-4 (]: Finished running node test.sdp.not_null_stg_universe_ticker.d0f2f9b0fa
[0m01:05:38.264893 [debug] [Thread-2 (]: SQL status: OK in 0.021 seconds
[0m01:05:38.267366 [debug] [Thread-2 (]: On test.sdp.assert_the_liquidity_window_ends_before_the_date: ROLLBACK
[0m01:05:38.267679 [debug] [Thread-2 (]: On test.sdp.assert_the_liquidity_window_ends_before_the_date: Close
[0m01:05:38.268015 [info ] [Thread-2 (]: 21 of 24 PASS assert_the_liquidity_window_ends_before_the_date ................. [[32mPASS[0m in 0.05s]
[0m01:05:38.268300 [debug] [Thread-2 (]: Finished running node test.sdp.assert_the_liquidity_window_ends_before_the_date
[0m01:05:38.269084 [debug] [MainThread]: Using duckdb connection "master"
[0m01:05:38.269242 [debug] [MainThread]: On master: BEGIN
[0m01:05:38.269374 [debug] [MainThread]: Opening a new connection, currently in state closed
[0m01:05:38.269612 [debug] [MainThread]: SQL status: OK in 0.000 seconds
[0m01:05:38.269758 [debug] [MainThread]: On master: COMMIT
[0m01:05:38.269896 [debug] [MainThread]: Using duckdb connection "master"
[0m01:05:38.270026 [debug] [MainThread]: On master: COMMIT
[0m01:05:38.270213 [debug] [MainThread]: SQL status: OK in 0.000 seconds
[0m01:05:38.270353 [debug] [MainThread]: On master: Close
[0m01:05:38.270542 [debug] [MainThread]: Connection 'master' was properly closed.
[0m01:05:38.270675 [debug] [MainThread]: Connection 'test.sdp.accepted_values_stg_universe_key_rule__share_class_figi__composite_figi__cik_ticker__ticker_only.1b4657682b' was properly closed.
[0m01:05:38.270800 [debug] [MainThread]: Connection 'test.sdp.not_null_stg_universe_date.ba8068f008' was properly closed.
[0m01:05:38.270927 [debug] [MainThread]: Connection 'test.sdp.not_null_stg_universe_ticker.d0f2f9b0fa' was properly closed.
[0m01:05:38.271055 [debug] [MainThread]: Connection 'test.sdp.assert_the_liquidity_window_ends_before_the_date' was properly closed.
[0m01:05:38.271220 [info ] [MainThread]: 
[0m01:05:38.271699 [info ] [MainThread]: Finished running 3 table models, 21 data tests in 0 hours 0 minutes and 1.22 seconds (1.22s).
[0m01:05:38.273359 [debug] [MainThread]: Command end result
[0m01:05:38.293642 [debug] [MainThread]: Wrote artifact WritableManifest to /Users/aray/strategic-data-platform/transform/target/manifest.json
[0m01:05:38.295499 [debug] [MainThread]: Wrote artifact SemanticManifest to /Users/aray/strategic-data-platform/transform/target/semantic_manifest.json
[0m01:05:38.297143 [debug] [MainThread]: Wrote artifact OsiDocument to /Users/aray/strategic-data-platform/transform/target/osi_document.json
[0m01:05:38.301375 [debug] [MainThread]: Wrote artifact RunExecutionResult to /Users/aray/strategic-data-platform/transform/target/run_results.json
[0m01:05:38.301560 [info ] [MainThread]: 
[0m01:05:38.301740 [info ] [MainThread]: [32mCompleted successfully[0m
[0m01:05:38.301893 [info ] [MainThread]: 
[0m01:05:38.302061 [info ] [MainThread]: Done. PASS=24 WARN=0 ERROR=0 SKIP=0 NO-OP=0 REUSED=0 TOTAL=24
[0m01:05:38.302354 [warn ] [MainThread]: [[33mWARNING[0m][DeprecationsSummary]: Deprecated functionality
Summary of encountered deprecations:
- MissingArgumentsPropertyInGenericTestDeprecation: 2 occurrences
To see all deprecation instances instead of just the first occurrence of each,
run command again with the `--show-all-deprecations` flag. You may also need to
run with `--no-partial-parse` as some deprecations are only encountered during
parsing.
[0m01:05:38.303767 [debug] [MainThread]: Resource report: {"command_name": "build", "command_success": true, "command_wall_clock_time": 2.6268828, "process_in_blocks": "0", "process_kernel_time": 0.561112, "process_mem_max_rss": "553025536", "process_out_blocks": "0", "process_user_time": 5.858084}
[0m01:05:38.304001 [debug] [MainThread]: Command `dbt build` succeeded at 01:05:38.303962 after 2.63 seconds
[0m01:05:38.304185 [debug] [MainThread]: Sending event: {'category': 'dbt', 'action': 'invocation', 'label': 'end', 'context': [<snowplow_tracker.self_describing_json.SelfDescribingJson object at 0x100f0ebd0>, <snowplow_tracker.self_describing_json.SelfDescribingJson object at 0x1084b71d0>, <snowplow_tracker.self_describing_json.SelfDescribingJson object at 0x100fbb2f0>]}
[0m01:05:38.304371 [debug] [MainThread]: Flushing usage events
[0m01:05:38.863238 [debug] [MainThread]: An error was encountered while trying to flush usage events
[0m01:08:55.307254 [debug] [MainThread]: Sending event: {'category': 'dbt', 'action': 'invocation', 'label': 'start', 'context': [<snowplow_tracker.self_describing_json.SelfDescribingJson object at 0x111a42330>, <snowplow_tracker.self_describing_json.SelfDescribingJson object at 0x111cdc590>, <snowplow_tracker.self_describing_json.SelfDescribingJson object at 0x111cdc0e0>]}


============================== 01:08:55.310551 | b8e140bd-60bc-461d-a0be-c8fdd024f9fa ==============================
[0m01:08:55.310551 [info ] [MainThread]: Running with dbt=1.12.3
[0m01:08:55.310874 [debug] [MainThread]: running dbt with arguments {'write_json': 'True', 'printer_width': '80', 'quiet': 'False', 'version_check': 'True', 'no_print': 'None', 'warn_error': 'None', 'log_path': '/Users/aray/strategic-data-platform/transform/logs', 'introspect': 'True', 'hints_enabled': 'True', 'empty': 'False', 'use_experimental_parser': 'False', 'partial_parse': 'True', 'log_format': 'default', 'static_parser': 'True', 'fail_fast': 'False', 'cache_selected_only': 'False', 'target_path': 'None', 'invocation_command': 'dbt build --select stg_short_interest --project-dir /Users/aray/strategic-data-platform/transform --profiles-dir /Users/aray/strategic-data-platform/transform', 'profiles_dir': '/Users/aray/strategic-data-platform/transform', 'log_cache_events': 'False', 'send_anonymous_usage_stats': 'True', 'use_colors': 'True', 'maximum_seed_size_mib': '1', 'debug': 'False', 'indirect_selection': 'eager', 'warn_error_options': 'WarnErrorOptionsV2(error=[], warn=[], silence=[])'}
[0m01:08:55.451065 [debug] [MainThread]: Sending event: {'category': 'dbt', 'action': 'project_id', 'label': 'b8e140bd-60bc-461d-a0be-c8fdd024f9fa', 'context': [<snowplow_tracker.self_describing_json.SelfDescribingJson object at 0x105914680>]}
[0m01:08:55.484084 [debug] [MainThread]: Sending event: {'category': 'dbt', 'action': 'adapter_info', 'label': 'b8e140bd-60bc-461d-a0be-c8fdd024f9fa', 'context': [<snowplow_tracker.self_describing_json.SelfDescribingJson object at 0x111c0e3f0>]}
[0m01:08:55.485617 [info ] [MainThread]: Registered adapter: duckdb=1.11.0
[0m01:08:55.543669 [debug] [MainThread]: checksum: df77d024545beffdfb3dcaa2a34280d40752d6e75935d5d6fc61c6a7bf2279f2, vars: {}, profile: sdp, target: dev, version: 1.12.3
[0m01:08:55.647045 [info ] [MainThread]: Unable to do partial parsing because a project config has changed
[0m01:08:55.647339 [debug] [MainThread]: Sending event: {'category': 'dbt', 'action': 'partial_parser', 'label': 'b8e140bd-60bc-461d-a0be-c8fdd024f9fa', 'context': [<snowplow_tracker.self_describing_json.SelfDescribingJson object at 0x110721970>]}
[0m01:08:56.367833 [warn ] [MainThread]: [[33mWARNING[0m][MissingArgumentsPropertyInGenericTestDeprecation]: Deprecated
functionality
Found top-level arguments to test `accepted_values` defined on
'stg_corporate_actions' in package 'sdp' (models/staging/schema.yml). Arguments
to generic tests should be nested under the `arguments` property.
[0m01:08:56.368177 [debug] [MainThread]: Sending event: {'category': 'dbt', 'action': 'deprecation', 'label': 'b8e140bd-60bc-461d-a0be-c8fdd024f9fa', 'property_': 'warn', 'context': [<snowplow_tracker.self_describing_json.SelfDescribingJson object at 0x1134b35f0>]}
[0m01:08:56.431492 [debug] [MainThread]: Sending event: {'category': 'dbt', 'action': 'load_project', 'label': 'b8e140bd-60bc-461d-a0be-c8fdd024f9fa', 'context': [<snowplow_tracker.self_describing_json.SelfDescribingJson object at 0x113052150>]}
[0m01:08:56.487847 [debug] [MainThread]: Wrote artifact WritableManifest to /Users/aray/strategic-data-platform/transform/target/manifest.json
[0m01:08:56.489905 [debug] [MainThread]: Wrote artifact SemanticManifest to /Users/aray/strategic-data-platform/transform/target/semantic_manifest.json
[0m01:08:56.500501 [debug] [MainThread]: Wrote artifact OsiDocument to /Users/aray/strategic-data-platform/transform/target/osi_document.json
[0m01:08:56.515028 [debug] [MainThread]: Sending event: {'category': 'dbt', 'action': 'resource_counts', 'label': 'b8e140bd-60bc-461d-a0be-c8fdd024f9fa', 'context': [<snowplow_tracker.self_describing_json.SelfDescribingJson object at 0x11367f020>]}
[0m01:08:56.515277 [info ] [MainThread]: Found 4 models, 21 data tests, 502 macros
[0m01:08:56.516344 [info ] [MainThread]: 
[0m01:08:56.516534 [info ] [MainThread]: Concurrency: 4 threads (target='dev')
[0m01:08:56.516683 [info ] [MainThread]: 
[0m01:08:56.516954 [debug] [MainThread]: Acquiring new duckdb connection 'master'
[0m01:08:56.517409 [debug] [ThreadPool]: Acquiring new duckdb connection 'list_sdp'
[0m01:08:56.546462 [debug] [ThreadPool]: Using duckdb connection "list_sdp"
[0m01:08:56.546644 [debug] [ThreadPool]: On list_sdp: /* {"app": "dbt", "dbt_version": "1.12.3", "profile_name": "sdp", "target_name": "dev", "connection_name": "list_sdp"} */

    
    select schema_name
    from system.information_schema.schemata
    
    where lower(catalog_name) = '"sdp"'
    
  
  
[0m01:08:56.546793 [debug] [ThreadPool]: Opening a new connection, currently in state init
[0m01:08:56.555067 [debug] [ThreadPool]: SQL status: OK in 0.008 seconds
[0m01:08:56.555773 [debug] [ThreadPool]: On list_sdp: Close
[0m01:08:56.556128 [debug] [ThreadPool]: Re-using an available connection from the pool (formerly list_sdp, now create_sdp_main_staging)
[0m01:08:56.556365 [debug] [ThreadPool]: Creating schema "database: "sdp"
schema: "main_staging"
"
[0m01:08:56.560083 [debug] [ThreadPool]: Using duckdb connection "create_sdp_main_staging"
[0m01:08:56.560253 [debug] [ThreadPool]: On create_sdp_main_staging: /* {"app": "dbt", "dbt_version": "1.12.3", "profile_name": "sdp", "target_name": "dev", "connection_name": "create_sdp_main_staging"} */

    
        select type from duckdb_databases()
        where lower(database_name)='sdp'
        and type != 'duckdb'
    
  
[0m01:08:56.560395 [debug] [ThreadPool]: Opening a new connection, currently in state closed
[0m01:08:56.560788 [debug] [ThreadPool]: SQL status: OK in 0.000 seconds
[0m01:08:56.561417 [debug] [ThreadPool]: Using duckdb connection "create_sdp_main_staging"
[0m01:08:56.561568 [debug] [ThreadPool]: On create_sdp_main_staging: BEGIN
[0m01:08:56.561782 [debug] [ThreadPool]: SQL status: OK in 0.000 seconds
[0m01:08:56.561915 [debug] [ThreadPool]: Using duckdb connection "create_sdp_main_staging"
[0m01:08:56.562048 [debug] [ThreadPool]: On create_sdp_main_staging: /* {"app": "dbt", "dbt_version": "1.12.3", "profile_name": "sdp", "target_name": "dev", "connection_name": "create_sdp_main_staging"} */

    
    
        create schema if not exists "sdp"."main_staging"
    
[0m01:08:56.562299 [debug] [ThreadPool]: SQL status: OK in 0.000 seconds
[0m01:08:56.562732 [debug] [ThreadPool]: On create_sdp_main_staging: COMMIT
[0m01:08:56.562875 [debug] [ThreadPool]: Using duckdb connection "create_sdp_main_staging"
[0m01:08:56.563007 [debug] [ThreadPool]: On create_sdp_main_staging: COMMIT
[0m01:08:56.563233 [debug] [ThreadPool]: SQL status: OK in 0.000 seconds
[0m01:08:56.563368 [debug] [ThreadPool]: On create_sdp_main_staging: Close
[0m01:08:56.565970 [debug] [ThreadPool]: Re-using an available connection from the pool (formerly create_sdp_main_staging, now list_sdp_main_staging)
[0m01:08:56.568160 [debug] [ThreadPool]: Using duckdb connection "list_sdp_main_staging"
[0m01:08:56.568325 [debug] [ThreadPool]: On list_sdp_main_staging: BEGIN
[0m01:08:56.568462 [debug] [ThreadPool]: Opening a new connection, currently in state closed
[0m01:08:56.568697 [debug] [ThreadPool]: SQL status: OK in 0.000 seconds
[0m01:08:56.568832 [debug] [ThreadPool]: Using duckdb connection "list_sdp_main_staging"
[0m01:08:56.568970 [debug] [ThreadPool]: On list_sdp_main_staging: /* {"app": "dbt", "dbt_version": "1.12.3", "profile_name": "sdp", "target_name": "dev", "connection_name": "list_sdp_main_staging"} */
select
      'sdp' as database,
      table_name as name,
      table_schema as schema,
      CASE table_type
        WHEN 'BASE TABLE' THEN 'table'
        WHEN 'VIEW' THEN 'view'
        WHEN 'LOCAL TEMPORARY' THEN 'table'
        END as type
    from system.information_schema.tables
    where lower(table_schema) = 'main_staging'
    and lower(table_catalog) = 'sdp'
  
[0m01:08:56.570644 [debug] [ThreadPool]: SQL status: OK in 0.002 seconds
[0m01:08:56.571306 [debug] [ThreadPool]: On list_sdp_main_staging: ROLLBACK
[0m01:08:56.571543 [debug] [ThreadPool]: On list_sdp_main_staging: Close
[0m01:08:56.572003 [debug] [MainThread]: Sending event: {'category': 'dbt', 'action': 'runnable_timing', 'label': 'b8e140bd-60bc-461d-a0be-c8fdd024f9fa', 'context': [<snowplow_tracker.self_describing_json.SelfDescribingJson object at 0x11367f590>]}
[0m01:08:56.572210 [debug] [MainThread]: Using duckdb connection "master"
[0m01:08:56.572353 [debug] [MainThread]: On master: BEGIN
[0m01:08:56.572478 [debug] [MainThread]: Opening a new connection, currently in state init
[0m01:08:56.572706 [debug] [MainThread]: SQL status: OK in 0.000 seconds
[0m01:08:56.572835 [debug] [MainThread]: On master: COMMIT
[0m01:08:56.572962 [debug] [MainThread]: Using duckdb connection "master"
[0m01:08:56.573089 [debug] [MainThread]: On master: COMMIT
[0m01:08:56.573287 [debug] [MainThread]: SQL status: OK in 0.000 seconds
[0m01:08:56.573415 [debug] [MainThread]: On master: Close
[0m01:08:56.575932 [debug] [Thread-1 (]: Began running node model.sdp.stg_short_interest
[0m01:08:56.576179 [info ] [Thread-1 (]: 1 of 1 START sql table model main_staging.stg_short_interest ................... [RUN]
[0m01:08:56.576407 [debug] [Thread-1 (]: Re-using an available connection from the pool (formerly list_sdp_main_staging, now model.sdp.stg_short_interest)
[0m01:08:56.576584 [debug] [Thread-1 (]: Began compiling node model.sdp.stg_short_interest
[0m01:08:56.580187 [debug] [Thread-1 (]: Writing injected SQL for node "model.sdp.stg_short_interest"
[0m01:08:56.580754 [debug] [Thread-1 (]: Began executing node model.sdp.stg_short_interest
[0m01:08:56.606537 [debug] [Thread-1 (]: Writing runtime sql for node "model.sdp.stg_short_interest"
[0m01:08:56.607072 [debug] [Thread-1 (]: Using duckdb connection "model.sdp.stg_short_interest"
[0m01:08:56.607243 [debug] [Thread-1 (]: On model.sdp.stg_short_interest: BEGIN
[0m01:08:56.607397 [debug] [Thread-1 (]: Opening a new connection, currently in state closed
[0m01:08:56.607680 [debug] [Thread-1 (]: SQL status: OK in 0.000 seconds
[0m01:08:56.607833 [debug] [Thread-1 (]: Using duckdb connection "model.sdp.stg_short_interest"
[0m01:08:56.608030 [debug] [Thread-1 (]: On model.sdp.stg_short_interest: /* {"app": "dbt", "dbt_version": "1.12.3", "profile_name": "sdp", "target_name": "dev", "node_id": "model.sdp.stg_short_interest"} */

    

    create  table
      "sdp"."main_staging"."stg_short_interest__dbt_tmp"
  
    
    as (
      

with sessions as (

    select
        date as session,
        row_number() over (order by date) as rn
    from (select distinct date from read_parquet(
        '/Users/aray/strategic-data-platform/data/raw/us_stocks_day_aggs/date=*/data.parquet',
        hive_partitioning = true
    ))

),

raw as (

    select
        cast(settlement_date as date) as settlement_date,
        ticker,
        short_interest,
        avg_daily_volume,
        days_to_cover
    from read_parquet(
        '/Users/aray/strategic-data-platform/data/raw/massive_short_interest/date=*/data.parquet',
        hive_partitioning = true
    )

),

-- The first session strictly after each settlement date.
first_session_after as (

    select
        r.settlement_date,
        min(s.rn) as rn_first
    from (select distinct settlement_date from raw) r
    join sessions s
      on s.session > r.settlement_date
    group by 1

),

publication as (

    select
        f.settlement_date,
        s.session as effective_date
    from first_session_after f
    left join sessions s
      on s.rn = f.rn_first + 8 - 1

)

select
    r.settlement_date,
    p.effective_date,
    r.ticker,
    r.short_interest,
    r.avg_daily_volume,

    -- Null, because the cap is not a measurement. See the header.
    case when r.days_to_cover < 999.99 then r.days_to_cover end as days_to_cover,
    r.days_to_cover >= 999.99                                   as days_to_cover_is_censored,

    -- The ratio computed from the two raw columns. Uncensored, and null only
    -- where the vendor reports no volume at all.
    r.short_interest / nullif(r.avg_daily_volume, 0)            as days_to_cover_computed

from raw r
left join publication p
    on p.settlement_date = r.settlement_date
    );
    
  
[0m01:08:56.622411 [debug] [Thread-1 (]: SQL status: OK in 0.014 seconds
[0m01:08:56.625050 [debug] [Thread-1 (]: Using duckdb connection "model.sdp.stg_short_interest"
[0m01:08:56.625236 [debug] [Thread-1 (]: On model.sdp.stg_short_interest: /* {"app": "dbt", "dbt_version": "1.12.3", "profile_name": "sdp", "target_name": "dev", "node_id": "model.sdp.stg_short_interest"} */
alter table "sdp"."main_staging"."stg_short_interest__dbt_tmp" rename to "stg_short_interest"
[0m01:08:56.625546 [debug] [Thread-1 (]: SQL status: OK in 0.000 seconds
[0m01:08:56.633147 [debug] [Thread-1 (]: On model.sdp.stg_short_interest: COMMIT
[0m01:08:56.633342 [debug] [Thread-1 (]: Using duckdb connection "model.sdp.stg_short_interest"
[0m01:08:56.633508 [debug] [Thread-1 (]: On model.sdp.stg_short_interest: COMMIT
[0m01:08:56.642213 [debug] [Thread-1 (]: SQL status: OK in 0.009 seconds
[0m01:08:56.644474 [debug] [Thread-1 (]: Using duckdb connection "model.sdp.stg_short_interest"
[0m01:08:56.644663 [debug] [Thread-1 (]: On model.sdp.stg_short_interest: /* {"app": "dbt", "dbt_version": "1.12.3", "profile_name": "sdp", "target_name": "dev", "node_id": "model.sdp.stg_short_interest"} */

      drop table if exists "sdp"."main_staging"."stg_short_interest__dbt_backup" cascade
    
[0m01:08:56.644938 [debug] [Thread-1 (]: SQL status: OK in 0.000 seconds
[0m01:08:56.646150 [debug] [Thread-1 (]: On model.sdp.stg_short_interest: Close
[0m01:08:56.647219 [debug] [Thread-1 (]: Sending event: {'category': 'dbt', 'action': 'run_model', 'label': 'b8e140bd-60bc-461d-a0be-c8fdd024f9fa', 'context': [<snowplow_tracker.self_describing_json.SelfDescribingJson object at 0x113690e60>]}
[0m01:08:56.647550 [info ] [Thread-1 (]: 1 of 1 OK created sql table model main_staging.stg_short_interest .............. [[32mOK[0m in 0.07s]
[0m01:08:56.647846 [debug] [Thread-1 (]: Finished running node model.sdp.stg_short_interest
[0m01:08:56.648497 [debug] [MainThread]: Using duckdb connection "master"
[0m01:08:56.648652 [debug] [MainThread]: On master: BEGIN
[0m01:08:56.648790 [debug] [MainThread]: Opening a new connection, currently in state closed
[0m01:08:56.649044 [debug] [MainThread]: SQL status: OK in 0.000 seconds
[0m01:08:56.649187 [debug] [MainThread]: On master: COMMIT
[0m01:08:56.649328 [debug] [MainThread]: Using duckdb connection "master"
[0m01:08:56.649463 [debug] [MainThread]: On master: COMMIT
[0m01:08:56.649666 [debug] [MainThread]: SQL status: OK in 0.000 seconds
[0m01:08:56.649809 [debug] [MainThread]: On master: Close
[0m01:08:56.650000 [debug] [MainThread]: Connection 'master' was properly closed.
[0m01:08:56.650128 [debug] [MainThread]: Connection 'model.sdp.stg_short_interest' was properly closed.
[0m01:08:56.650267 [info ] [MainThread]: 
[0m01:08:56.650416 [info ] [MainThread]: Finished running 1 table model in 0 hours 0 minutes and 0.13 seconds (0.13s).
[0m01:08:56.650725 [debug] [MainThread]: Command end result
[0m01:08:56.670661 [debug] [MainThread]: Wrote artifact WritableManifest to /Users/aray/strategic-data-platform/transform/target/manifest.json
[0m01:08:56.672064 [debug] [MainThread]: Wrote artifact SemanticManifest to /Users/aray/strategic-data-platform/transform/target/semantic_manifest.json
[0m01:08:56.673389 [debug] [MainThread]: Wrote artifact OsiDocument to /Users/aray/strategic-data-platform/transform/target/osi_document.json
[0m01:08:56.677624 [debug] [MainThread]: Wrote artifact RunExecutionResult to /Users/aray/strategic-data-platform/transform/target/run_results.json
[0m01:08:56.677800 [info ] [MainThread]: 
[0m01:08:56.678009 [info ] [MainThread]: [32mCompleted successfully[0m
[0m01:08:56.678168 [info ] [MainThread]: 
[0m01:08:56.678338 [info ] [MainThread]: Done. PASS=1 WARN=0 ERROR=0 SKIP=0 NO-OP=0 REUSED=0 TOTAL=1
[0m01:08:56.678602 [warn ] [MainThread]: [[33mWARNING[0m][DeprecationsSummary]: Deprecated functionality
Summary of encountered deprecations:
- MissingArgumentsPropertyInGenericTestDeprecation: 2 occurrences
To see all deprecation instances instead of just the first occurrence of each,
run command again with the `--show-all-deprecations` flag. You may also need to
run with `--no-partial-parse` as some deprecations are only encountered during
parsing.
[0m01:08:56.679533 [debug] [MainThread]: Resource report: {"command_name": "build", "command_success": true, "command_wall_clock_time": 1.4225175, "process_in_blocks": "0", "process_kernel_time": 0.182673, "process_mem_max_rss": "217956352", "process_out_blocks": "0", "process_user_time": 2.621966}
[0m01:08:56.679765 [debug] [MainThread]: Command `dbt build` succeeded at 01:08:56.679724 after 1.42 seconds
[0m01:08:56.679935 [debug] [MainThread]: Sending event: {'category': 'dbt', 'action': 'invocation', 'label': 'end', 'context': [<snowplow_tracker.self_describing_json.SelfDescribingJson object at 0x111c37d70>, <snowplow_tracker.self_describing_json.SelfDescribingJson object at 0x11344dcd0>, <snowplow_tracker.self_describing_json.SelfDescribingJson object at 0x113c9ec30>]}
[0m01:08:56.680102 [debug] [MainThread]: Flushing usage events
[0m01:08:57.205770 [debug] [MainThread]: An error was encountered while trying to flush usage events
[0m01:09:07.644262 [debug] [MainThread]: Sending event: {'category': 'dbt', 'action': 'invocation', 'label': 'start', 'context': [<snowplow_tracker.self_describing_json.SelfDescribingJson object at 0x105db8ef0>, <snowplow_tracker.self_describing_json.SelfDescribingJson object at 0x106ae4d40>, <snowplow_tracker.self_describing_json.SelfDescribingJson object at 0x106ae48c0>]}


============================== 01:09:07.647226 | 7e85948c-2e1f-4970-9760-1e143469315c ==============================
[0m01:09:07.647226 [info ] [MainThread]: Running with dbt=1.12.3
[0m01:09:07.647557 [debug] [MainThread]: running dbt with arguments {'indirect_selection': 'eager', 'static_parser': 'True', 'target_path': 'None', 'no_print': 'None', 'hints_enabled': 'True', 'log_path': '/Users/aray/strategic-data-platform/transform/logs', 'maximum_seed_size_mib': '1', 'send_anonymous_usage_stats': 'True', 'printer_width': '80', 'warn_error': 'None', 'profiles_dir': '/Users/aray/strategic-data-platform/transform', 'invocation_command': 'dbt build --select stg_short_interest --project-dir /Users/aray/strategic-data-platform/transform --profiles-dir /Users/aray/strategic-data-platform/transform', 'version_check': 'True', 'empty': 'False', 'introspect': 'True', 'use_experimental_parser': 'False', 'use_colors': 'True', 'warn_error_options': 'WarnErrorOptionsV2(error=[], warn=[], silence=[])', 'fail_fast': 'False', 'write_json': 'True', 'log_cache_events': 'False', 'quiet': 'False', 'debug': 'False', 'log_format': 'default', 'partial_parse': 'True', 'cache_selected_only': 'False'}
[0m01:09:07.771030 [debug] [MainThread]: Sending event: {'category': 'dbt', 'action': 'project_id', 'label': '7e85948c-2e1f-4970-9760-1e143469315c', 'context': [<snowplow_tracker.self_describing_json.SelfDescribingJson object at 0x106ae4e90>]}
[0m01:09:07.803539 [debug] [MainThread]: Sending event: {'category': 'dbt', 'action': 'adapter_info', 'label': '7e85948c-2e1f-4970-9760-1e143469315c', 'context': [<snowplow_tracker.self_describing_json.SelfDescribingJson object at 0x106ae6720>]}
[0m01:09:07.804881 [info ] [MainThread]: Registered adapter: duckdb=1.11.0
[0m01:09:07.859786 [debug] [MainThread]: checksum: df77d024545beffdfb3dcaa2a34280d40752d6e75935d5d6fc61c6a7bf2279f2, vars: {}, profile: sdp, target: dev, version: 1.12.3
[0m01:09:07.983336 [debug] [MainThread]: Partial parsing enabled: 0 files deleted, 0 files added, 0 files changed.
[0m01:09:07.983578 [debug] [MainThread]: Nothing changed, skipping partial parsing.
[0m01:09:07.983728 [debug] [MainThread]: Partial parsing enabled, no changes found, skipping parsing
[0m01:09:07.989135 [debug] [MainThread]: Sending event: {'category': 'dbt', 'action': 'load_project', 'label': '7e85948c-2e1f-4970-9760-1e143469315c', 'context': [<snowplow_tracker.self_describing_json.SelfDescribingJson object at 0x106b86fc0>]}
[0m01:09:08.062360 [debug] [MainThread]: Wrote artifact WritableManifest to /Users/aray/strategic-data-platform/transform/target/manifest.json
[0m01:09:08.064172 [debug] [MainThread]: Wrote artifact SemanticManifest to /Users/aray/strategic-data-platform/transform/target/semantic_manifest.json
[0m01:09:08.074075 [debug] [MainThread]: Wrote artifact OsiDocument to /Users/aray/strategic-data-platform/transform/target/osi_document.json
[0m01:09:08.087463 [debug] [MainThread]: Sending event: {'category': 'dbt', 'action': 'resource_counts', 'label': '7e85948c-2e1f-4970-9760-1e143469315c', 'context': [<snowplow_tracker.self_describing_json.SelfDescribingJson object at 0x10701db50>]}
[0m01:09:08.087701 [info ] [MainThread]: Found 4 models, 21 data tests, 502 macros
[0m01:09:08.088737 [info ] [MainThread]: 
[0m01:09:08.088913 [info ] [MainThread]: Concurrency: 4 threads (target='dev')
[0m01:09:08.089060 [info ] [MainThread]: 
[0m01:09:08.089318 [debug] [MainThread]: Acquiring new duckdb connection 'master'
[0m01:09:08.089757 [debug] [ThreadPool]: Acquiring new duckdb connection 'list_sdp'
[0m01:09:08.116898 [debug] [ThreadPool]: Using duckdb connection "list_sdp"
[0m01:09:08.117083 [debug] [ThreadPool]: On list_sdp: /* {"app": "dbt", "dbt_version": "1.12.3", "profile_name": "sdp", "target_name": "dev", "connection_name": "list_sdp"} */

    
    select schema_name
    from system.information_schema.schemata
    
    where lower(catalog_name) = '"sdp"'
    
  
  
[0m01:09:08.117236 [debug] [ThreadPool]: Opening a new connection, currently in state init
[0m01:09:08.125183 [debug] [ThreadPool]: SQL status: OK in 0.008 seconds
[0m01:09:08.125888 [debug] [ThreadPool]: On list_sdp: Close
[0m01:09:08.126241 [debug] [ThreadPool]: Re-using an available connection from the pool (formerly list_sdp, now create_sdp_main_staging)
[0m01:09:08.126477 [debug] [ThreadPool]: Creating schema "database: "sdp"
schema: "main_staging"
"
[0m01:09:08.130243 [debug] [ThreadPool]: Using duckdb connection "create_sdp_main_staging"
[0m01:09:08.130418 [debug] [ThreadPool]: On create_sdp_main_staging: /* {"app": "dbt", "dbt_version": "1.12.3", "profile_name": "sdp", "target_name": "dev", "connection_name": "create_sdp_main_staging"} */

    
        select type from duckdb_databases()
        where lower(database_name)='sdp'
        and type != 'duckdb'
    
  
[0m01:09:08.130570 [debug] [ThreadPool]: Opening a new connection, currently in state closed
[0m01:09:08.130961 [debug] [ThreadPool]: SQL status: OK in 0.000 seconds
[0m01:09:08.131602 [debug] [ThreadPool]: Using duckdb connection "create_sdp_main_staging"
[0m01:09:08.131744 [debug] [ThreadPool]: On create_sdp_main_staging: BEGIN
[0m01:09:08.131958 [debug] [ThreadPool]: SQL status: OK in 0.000 seconds
[0m01:09:08.132101 [debug] [ThreadPool]: Using duckdb connection "create_sdp_main_staging"
[0m01:09:08.132240 [debug] [ThreadPool]: On create_sdp_main_staging: /* {"app": "dbt", "dbt_version": "1.12.3", "profile_name": "sdp", "target_name": "dev", "connection_name": "create_sdp_main_staging"} */

    
    
        create schema if not exists "sdp"."main_staging"
    
[0m01:09:08.132472 [debug] [ThreadPool]: SQL status: OK in 0.000 seconds
[0m01:09:08.132888 [debug] [ThreadPool]: On create_sdp_main_staging: COMMIT
[0m01:09:08.133032 [debug] [ThreadPool]: Using duckdb connection "create_sdp_main_staging"
[0m01:09:08.133161 [debug] [ThreadPool]: On create_sdp_main_staging: COMMIT
[0m01:09:08.133362 [debug] [ThreadPool]: SQL status: OK in 0.000 seconds
[0m01:09:08.133496 [debug] [ThreadPool]: On create_sdp_main_staging: Close
[0m01:09:08.136019 [debug] [ThreadPool]: Re-using an available connection from the pool (formerly create_sdp_main_staging, now list_sdp_main_staging)
[0m01:09:08.138260 [debug] [ThreadPool]: Using duckdb connection "list_sdp_main_staging"
[0m01:09:08.138436 [debug] [ThreadPool]: On list_sdp_main_staging: BEGIN
[0m01:09:08.138575 [debug] [ThreadPool]: Opening a new connection, currently in state closed
[0m01:09:08.138859 [debug] [ThreadPool]: SQL status: OK in 0.000 seconds
[0m01:09:08.138995 [debug] [ThreadPool]: Using duckdb connection "list_sdp_main_staging"
[0m01:09:08.139135 [debug] [ThreadPool]: On list_sdp_main_staging: /* {"app": "dbt", "dbt_version": "1.12.3", "profile_name": "sdp", "target_name": "dev", "connection_name": "list_sdp_main_staging"} */
select
      'sdp' as database,
      table_name as name,
      table_schema as schema,
      CASE table_type
        WHEN 'BASE TABLE' THEN 'table'
        WHEN 'VIEW' THEN 'view'
        WHEN 'LOCAL TEMPORARY' THEN 'table'
        END as type
    from system.information_schema.tables
    where lower(table_schema) = 'main_staging'
    and lower(table_catalog) = 'sdp'
  
[0m01:09:08.140880 [debug] [ThreadPool]: SQL status: OK in 0.002 seconds
[0m01:09:08.142211 [debug] [ThreadPool]: On list_sdp_main_staging: ROLLBACK
[0m01:09:08.142474 [debug] [ThreadPool]: On list_sdp_main_staging: Close
[0m01:09:08.143007 [debug] [MainThread]: Sending event: {'category': 'dbt', 'action': 'runnable_timing', 'label': '7e85948c-2e1f-4970-9760-1e143469315c', 'context': [<snowplow_tracker.self_describing_json.SelfDescribingJson object at 0x103b58770>]}
[0m01:09:08.143219 [debug] [MainThread]: Using duckdb connection "master"
[0m01:09:08.143361 [debug] [MainThread]: On master: BEGIN
[0m01:09:08.143487 [debug] [MainThread]: Opening a new connection, currently in state init
[0m01:09:08.143719 [debug] [MainThread]: SQL status: OK in 0.000 seconds
[0m01:09:08.143851 [debug] [MainThread]: On master: COMMIT
[0m01:09:08.143981 [debug] [MainThread]: Using duckdb connection "master"
[0m01:09:08.144108 [debug] [MainThread]: On master: COMMIT
[0m01:09:08.144306 [debug] [MainThread]: SQL status: OK in 0.000 seconds
[0m01:09:08.144435 [debug] [MainThread]: On master: Close
[0m01:09:08.145826 [debug] [Thread-1 (]: Began running node model.sdp.stg_short_interest
[0m01:09:08.146076 [info ] [Thread-1 (]: 1 of 1 START sql table model main_staging.stg_short_interest ................... [RUN]
[0m01:09:08.146294 [debug] [Thread-1 (]: Re-using an available connection from the pool (formerly list_sdp_main_staging, now model.sdp.stg_short_interest)
[0m01:09:08.146461 [debug] [Thread-1 (]: Began compiling node model.sdp.stg_short_interest
[0m01:09:08.150763 [debug] [Thread-1 (]: Writing injected SQL for node "model.sdp.stg_short_interest"
[0m01:09:08.151094 [debug] [Thread-1 (]: Began executing node model.sdp.stg_short_interest
[0m01:09:08.177463 [debug] [Thread-1 (]: Writing runtime sql for node "model.sdp.stg_short_interest"
[0m01:09:08.177826 [debug] [Thread-1 (]: Using duckdb connection "model.sdp.stg_short_interest"
[0m01:09:08.178003 [debug] [Thread-1 (]: On model.sdp.stg_short_interest: BEGIN
[0m01:09:08.178165 [debug] [Thread-1 (]: Opening a new connection, currently in state closed
[0m01:09:08.178436 [debug] [Thread-1 (]: SQL status: OK in 0.000 seconds
[0m01:09:08.178596 [debug] [Thread-1 (]: Using duckdb connection "model.sdp.stg_short_interest"
[0m01:09:08.178794 [debug] [Thread-1 (]: On model.sdp.stg_short_interest: /* {"app": "dbt", "dbt_version": "1.12.3", "profile_name": "sdp", "target_name": "dev", "node_id": "model.sdp.stg_short_interest"} */

    

    create  table
      "sdp"."main_staging"."stg_short_interest__dbt_tmp"
  
    
    as (
      

with sessions as (

    select
        date as session,
        row_number() over (order by date) as rn
    from (select distinct date from read_parquet(
        '/Users/aray/strategic-data-platform/data/raw/us_stocks_day_aggs/date=*/data.parquet',
        hive_partitioning = true
    ))

),

raw as (

    select
        cast(settlement_date as date) as settlement_date,
        ticker,
        short_interest,
        avg_daily_volume,
        days_to_cover
    from read_parquet(
        '/Users/aray/strategic-data-platform/data/raw/massive_short_interest/date=*/data.parquet',
        hive_partitioning = true
    )

),

-- The first session strictly after each settlement date.
first_session_after as (

    select
        r.settlement_date,
        min(s.rn) as rn_first
    from (select distinct settlement_date from raw) r
    join sessions s
      on s.session > r.settlement_date
    group by 1

),

publication as (

    select
        f.settlement_date,
        s.session as effective_date
    from first_session_after f
    left join sessions s
      on s.rn = f.rn_first + 8 - 1

)

select
    r.settlement_date,
    p.effective_date,
    r.ticker,
    r.short_interest,
    r.avg_daily_volume,

    -- Null, because the cap is not a measurement. See the header.
    case when r.days_to_cover < 999.99 then r.days_to_cover end as days_to_cover,
    r.days_to_cover >= 999.99                                   as days_to_cover_is_censored,

    -- The ratio computed from the two raw columns. Uncensored, and null only
    -- where the vendor reports no volume at all.
    r.short_interest / nullif(r.avg_daily_volume, 0)            as days_to_cover_computed

from raw r
left join publication p
    on p.settlement_date = r.settlement_date
    );
    
  
[0m01:09:08.197504 [debug] [Thread-1 (]: SQL status: OK in 0.018 seconds
[0m01:09:08.200502 [debug] [Thread-1 (]: Using duckdb connection "model.sdp.stg_short_interest"
[0m01:09:08.200703 [debug] [Thread-1 (]: On model.sdp.stg_short_interest: /* {"app": "dbt", "dbt_version": "1.12.3", "profile_name": "sdp", "target_name": "dev", "node_id": "model.sdp.stg_short_interest"} */

    SELECT index_name
    FROM duckdb_indexes()
    WHERE database_name = 'sdp'
      AND schema_name = 'main_staging'
      AND table_name = 'stg_short_interest'
  
[0m01:09:08.201186 [debug] [Thread-1 (]: SQL status: OK in 0.000 seconds
[0m01:09:08.203983 [debug] [Thread-1 (]: Using duckdb connection "model.sdp.stg_short_interest"
[0m01:09:08.204174 [debug] [Thread-1 (]: On model.sdp.stg_short_interest: /* {"app": "dbt", "dbt_version": "1.12.3", "profile_name": "sdp", "target_name": "dev", "node_id": "model.sdp.stg_short_interest"} */
alter table "sdp"."main_staging"."stg_short_interest" rename to "stg_short_interest__dbt_backup"
[0m01:09:08.204491 [debug] [Thread-1 (]: SQL status: OK in 0.000 seconds
[0m01:09:08.205515 [debug] [Thread-1 (]: Using duckdb connection "model.sdp.stg_short_interest"
[0m01:09:08.205698 [debug] [Thread-1 (]: On model.sdp.stg_short_interest: /* {"app": "dbt", "dbt_version": "1.12.3", "profile_name": "sdp", "target_name": "dev", "node_id": "model.sdp.stg_short_interest"} */
alter table "sdp"."main_staging"."stg_short_interest__dbt_tmp" rename to "stg_short_interest"
[0m01:09:08.205995 [debug] [Thread-1 (]: SQL status: OK in 0.000 seconds
[0m01:09:08.214569 [debug] [Thread-1 (]: On model.sdp.stg_short_interest: COMMIT
[0m01:09:08.214769 [debug] [Thread-1 (]: Using duckdb connection "model.sdp.stg_short_interest"
[0m01:09:08.214932 [debug] [Thread-1 (]: On model.sdp.stg_short_interest: COMMIT
[0m01:09:08.220241 [debug] [Thread-1 (]: SQL status: OK in 0.005 seconds
[0m01:09:08.222557 [debug] [Thread-1 (]: Using duckdb connection "model.sdp.stg_short_interest"
[0m01:09:08.222743 [debug] [Thread-1 (]: On model.sdp.stg_short_interest: /* {"app": "dbt", "dbt_version": "1.12.3", "profile_name": "sdp", "target_name": "dev", "node_id": "model.sdp.stg_short_interest"} */

      drop table if exists "sdp"."main_staging"."stg_short_interest__dbt_backup" cascade
    
[0m01:09:08.223150 [debug] [Thread-1 (]: SQL status: OK in 0.000 seconds
[0m01:09:08.224373 [debug] [Thread-1 (]: On model.sdp.stg_short_interest: Close
[0m01:09:08.225351 [debug] [Thread-1 (]: Sending event: {'category': 'dbt', 'action': 'run_model', 'label': '7e85948c-2e1f-4970-9760-1e143469315c', 'context': [<snowplow_tracker.self_describing_json.SelfDescribingJson object at 0x103a53ce0>]}
[0m01:09:08.225663 [info ] [Thread-1 (]: 1 of 1 OK created sql table model main_staging.stg_short_interest .............. [[32mOK[0m in 0.08s]
[0m01:09:08.225966 [debug] [Thread-1 (]: Finished running node model.sdp.stg_short_interest
[0m01:09:08.226654 [debug] [MainThread]: Using duckdb connection "master"
[0m01:09:08.226801 [debug] [MainThread]: On master: BEGIN
[0m01:09:08.226930 [debug] [MainThread]: Opening a new connection, currently in state closed
[0m01:09:08.227163 [debug] [MainThread]: SQL status: OK in 0.000 seconds
[0m01:09:08.227295 [debug] [MainThread]: On master: COMMIT
[0m01:09:08.227424 [debug] [MainThread]: Using duckdb connection "master"
[0m01:09:08.227549 [debug] [MainThread]: On master: COMMIT
[0m01:09:08.227740 [debug] [MainThread]: SQL status: OK in 0.000 seconds
[0m01:09:08.227880 [debug] [MainThread]: On master: Close
[0m01:09:08.228073 [debug] [MainThread]: Connection 'master' was properly closed.
[0m01:09:08.228207 [debug] [MainThread]: Connection 'model.sdp.stg_short_interest' was properly closed.
[0m01:09:08.228344 [info ] [MainThread]: 
[0m01:09:08.228491 [info ] [MainThread]: Finished running 1 table model in 0 hours 0 minutes and 0.14 seconds (0.14s).
[0m01:09:08.228795 [debug] [MainThread]: Command end result
[0m01:09:08.248353 [debug] [MainThread]: Wrote artifact WritableManifest to /Users/aray/strategic-data-platform/transform/target/manifest.json
[0m01:09:08.249804 [debug] [MainThread]: Wrote artifact SemanticManifest to /Users/aray/strategic-data-platform/transform/target/semantic_manifest.json
[0m01:09:08.251146 [debug] [MainThread]: Wrote artifact OsiDocument to /Users/aray/strategic-data-platform/transform/target/osi_document.json
[0m01:09:08.254608 [debug] [MainThread]: Wrote artifact RunExecutionResult to /Users/aray/strategic-data-platform/transform/target/run_results.json
[0m01:09:08.254773 [info ] [MainThread]: 
[0m01:09:08.254963 [info ] [MainThread]: [32mCompleted successfully[0m
[0m01:09:08.255114 [info ] [MainThread]: 
[0m01:09:08.255282 [info ] [MainThread]: Done. PASS=1 WARN=0 ERROR=0 SKIP=0 NO-OP=0 REUSED=0 TOTAL=1
[0m01:09:08.256231 [debug] [MainThread]: Resource report: {"command_name": "build", "command_success": true, "command_wall_clock_time": 0.660274, "process_in_blocks": "0", "process_kernel_time": 0.163769, "process_mem_max_rss": "207536128", "process_out_blocks": "0", "process_user_time": 1.894918}
[0m01:09:08.256459 [debug] [MainThread]: Command `dbt build` succeeded at 01:09:08.256419 after 0.66 seconds
[0m01:09:08.256630 [debug] [MainThread]: Sending event: {'category': 'dbt', 'action': 'invocation', 'label': 'end', 'context': [<snowplow_tracker.self_describing_json.SelfDescribingJson object at 0x106a424e0>, <snowplow_tracker.self_describing_json.SelfDescribingJson object at 0x10678f950>, <snowplow_tracker.self_describing_json.SelfDescribingJson object at 0x105db8ef0>]}
[0m01:09:08.256795 [debug] [MainThread]: Flushing usage events
[0m01:09:08.791161 [debug] [MainThread]: An error was encountered while trying to flush usage events
[0m01:09:30.652272 [debug] [MainThread]: Sending event: {'category': 'dbt', 'action': 'invocation', 'label': 'start', 'context': [<snowplow_tracker.self_describing_json.SelfDescribingJson object at 0x10793b230>, <snowplow_tracker.self_describing_json.SelfDescribingJson object at 0x1109affb0>, <snowplow_tracker.self_describing_json.SelfDescribingJson object at 0x1109afec0>]}


============================== 01:09:30.656075 | e10bd4fc-527f-4a56-a730-386d87531283 ==============================
[0m01:09:30.656075 [info ] [MainThread]: Running with dbt=1.12.3
[0m01:09:30.656428 [debug] [MainThread]: running dbt with arguments {'hints_enabled': 'True', 'version_check': 'True', 'warn_error': 'None', 'quiet': 'False', 'partial_parse': 'True', 'fail_fast': 'False', 'target_path': 'None', 'static_parser': 'True', 'no_print': 'None', 'use_colors': 'True', 'profiles_dir': '/Users/aray/strategic-data-platform/transform', 'log_cache_events': 'False', 'use_experimental_parser': 'False', 'invocation_command': 'dbt build --select stg_short_interest --project-dir /Users/aray/strategic-data-platform/transform --profiles-dir /Users/aray/strategic-data-platform/transform', 'empty': 'False', 'log_format': 'default', 'warn_error_options': 'WarnErrorOptionsV2(error=[], warn=[], silence=[])', 'debug': 'False', 'indirect_selection': 'eager', 'log_path': '/Users/aray/strategic-data-platform/transform/logs', 'cache_selected_only': 'False', 'maximum_seed_size_mib': '1', 'printer_width': '80', 'write_json': 'True', 'introspect': 'True', 'send_anonymous_usage_stats': 'True'}
[0m01:09:30.790758 [debug] [MainThread]: Sending event: {'category': 'dbt', 'action': 'project_id', 'label': 'e10bd4fc-527f-4a56-a730-386d87531283', 'context': [<snowplow_tracker.self_describing_json.SelfDescribingJson object at 0x1061e43b0>]}
[0m01:09:30.823699 [debug] [MainThread]: Sending event: {'category': 'dbt', 'action': 'adapter_info', 'label': 'e10bd4fc-527f-4a56-a730-386d87531283', 'context': [<snowplow_tracker.self_describing_json.SelfDescribingJson object at 0x1109af830>]}
[0m01:09:30.825074 [info ] [MainThread]: Registered adapter: duckdb=1.11.0
[0m01:09:30.881271 [debug] [MainThread]: checksum: df77d024545beffdfb3dcaa2a34280d40752d6e75935d5d6fc61c6a7bf2279f2, vars: {}, profile: sdp, target: dev, version: 1.12.3
[0m01:09:31.008331 [debug] [MainThread]: Partial parsing enabled: 0 files deleted, 0 files added, 1 files changed.
[0m01:09:31.008730 [debug] [MainThread]: Partial parsing: updated file: sdp://models/staging/stg_short_interest.sql
[0m01:09:31.162587 [debug] [MainThread]: Sending event: {'category': 'dbt', 'action': 'load_project', 'label': 'e10bd4fc-527f-4a56-a730-386d87531283', 'context': [<snowplow_tracker.self_describing_json.SelfDescribingJson object at 0x111be3f20>]}
[0m01:09:31.218745 [debug] [MainThread]: Wrote artifact WritableManifest to /Users/aray/strategic-data-platform/transform/target/manifest.json
[0m01:09:31.220685 [debug] [MainThread]: Wrote artifact SemanticManifest to /Users/aray/strategic-data-platform/transform/target/semantic_manifest.json
[0m01:09:31.231080 [debug] [MainThread]: Wrote artifact OsiDocument to /Users/aray/strategic-data-platform/transform/target/osi_document.json
[0m01:09:31.245091 [debug] [MainThread]: Sending event: {'category': 'dbt', 'action': 'resource_counts', 'label': 'e10bd4fc-527f-4a56-a730-386d87531283', 'context': [<snowplow_tracker.self_describing_json.SelfDescribingJson object at 0x111eb1790>]}
[0m01:09:31.245342 [info ] [MainThread]: Found 4 models, 21 data tests, 502 macros
[0m01:09:31.246389 [info ] [MainThread]: 
[0m01:09:31.246574 [info ] [MainThread]: Concurrency: 4 threads (target='dev')
[0m01:09:31.246725 [info ] [MainThread]: 
[0m01:09:31.246976 [debug] [MainThread]: Acquiring new duckdb connection 'master'
[0m01:09:31.247452 [debug] [ThreadPool]: Acquiring new duckdb connection 'list_sdp'
[0m01:09:31.276818 [debug] [ThreadPool]: Using duckdb connection "list_sdp"
[0m01:09:31.277050 [debug] [ThreadPool]: On list_sdp: /* {"app": "dbt", "dbt_version": "1.12.3", "profile_name": "sdp", "target_name": "dev", "connection_name": "list_sdp"} */

    
    select schema_name
    from system.information_schema.schemata
    
    where lower(catalog_name) = '"sdp"'
    
  
  
[0m01:09:31.277210 [debug] [ThreadPool]: Opening a new connection, currently in state init
[0m01:09:31.285946 [debug] [ThreadPool]: SQL status: OK in 0.009 seconds
[0m01:09:31.286704 [debug] [ThreadPool]: On list_sdp: Close
[0m01:09:31.287103 [debug] [ThreadPool]: Re-using an available connection from the pool (formerly list_sdp, now create_sdp_main_staging)
[0m01:09:31.287359 [debug] [ThreadPool]: Creating schema "database: "sdp"
schema: "main_staging"
"
[0m01:09:31.291403 [debug] [ThreadPool]: Using duckdb connection "create_sdp_main_staging"
[0m01:09:31.291588 [debug] [ThreadPool]: On create_sdp_main_staging: /* {"app": "dbt", "dbt_version": "1.12.3", "profile_name": "sdp", "target_name": "dev", "connection_name": "create_sdp_main_staging"} */

    
        select type from duckdb_databases()
        where lower(database_name)='sdp'
        and type != 'duckdb'
    
  
[0m01:09:31.291737 [debug] [ThreadPool]: Opening a new connection, currently in state closed
[0m01:09:31.292191 [debug] [ThreadPool]: SQL status: OK in 0.000 seconds
[0m01:09:31.292883 [debug] [ThreadPool]: Using duckdb connection "create_sdp_main_staging"
[0m01:09:31.293048 [debug] [ThreadPool]: On create_sdp_main_staging: BEGIN
[0m01:09:31.293292 [debug] [ThreadPool]: SQL status: OK in 0.000 seconds
[0m01:09:31.293424 [debug] [ThreadPool]: Using duckdb connection "create_sdp_main_staging"
[0m01:09:31.293555 [debug] [ThreadPool]: On create_sdp_main_staging: /* {"app": "dbt", "dbt_version": "1.12.3", "profile_name": "sdp", "target_name": "dev", "connection_name": "create_sdp_main_staging"} */

    
    
        create schema if not exists "sdp"."main_staging"
    
[0m01:09:31.293781 [debug] [ThreadPool]: SQL status: OK in 0.000 seconds
[0m01:09:31.294198 [debug] [ThreadPool]: On create_sdp_main_staging: COMMIT
[0m01:09:31.294346 [debug] [ThreadPool]: Using duckdb connection "create_sdp_main_staging"
[0m01:09:31.294477 [debug] [ThreadPool]: On create_sdp_main_staging: COMMIT
[0m01:09:31.294685 [debug] [ThreadPool]: SQL status: OK in 0.000 seconds
[0m01:09:31.294831 [debug] [ThreadPool]: On create_sdp_main_staging: Close
[0m01:09:31.297674 [debug] [ThreadPool]: Re-using an available connection from the pool (formerly create_sdp_main_staging, now list_sdp_main_staging)
[0m01:09:31.299987 [debug] [ThreadPool]: Using duckdb connection "list_sdp_main_staging"
[0m01:09:31.300155 [debug] [ThreadPool]: On list_sdp_main_staging: BEGIN
[0m01:09:31.300296 [debug] [ThreadPool]: Opening a new connection, currently in state closed
[0m01:09:31.300535 [debug] [ThreadPool]: SQL status: OK in 0.000 seconds
[0m01:09:31.300670 [debug] [ThreadPool]: Using duckdb connection "list_sdp_main_staging"
[0m01:09:31.300808 [debug] [ThreadPool]: On list_sdp_main_staging: /* {"app": "dbt", "dbt_version": "1.12.3", "profile_name": "sdp", "target_name": "dev", "connection_name": "list_sdp_main_staging"} */
select
      'sdp' as database,
      table_name as name,
      table_schema as schema,
      CASE table_type
        WHEN 'BASE TABLE' THEN 'table'
        WHEN 'VIEW' THEN 'view'
        WHEN 'LOCAL TEMPORARY' THEN 'table'
        END as type
    from system.information_schema.tables
    where lower(table_schema) = 'main_staging'
    and lower(table_catalog) = 'sdp'
  
[0m01:09:31.302541 [debug] [ThreadPool]: SQL status: OK in 0.002 seconds
[0m01:09:31.303310 [debug] [ThreadPool]: On list_sdp_main_staging: ROLLBACK
[0m01:09:31.303546 [debug] [ThreadPool]: On list_sdp_main_staging: Close
[0m01:09:31.304110 [debug] [MainThread]: Sending event: {'category': 'dbt', 'action': 'runnable_timing', 'label': 'e10bd4fc-527f-4a56-a730-386d87531283', 'context': [<snowplow_tracker.self_describing_json.SelfDescribingJson object at 0x111a7d100>]}
[0m01:09:31.304356 [debug] [MainThread]: Using duckdb connection "master"
[0m01:09:31.304505 [debug] [MainThread]: On master: BEGIN
[0m01:09:31.304634 [debug] [MainThread]: Opening a new connection, currently in state init
[0m01:09:31.304862 [debug] [MainThread]: SQL status: OK in 0.000 seconds
[0m01:09:31.305005 [debug] [MainThread]: On master: COMMIT
[0m01:09:31.305138 [debug] [MainThread]: Using duckdb connection "master"
[0m01:09:31.305263 [debug] [MainThread]: On master: COMMIT
[0m01:09:31.305562 [debug] [MainThread]: SQL status: OK in 0.000 seconds
[0m01:09:31.305766 [debug] [MainThread]: On master: Close
[0m01:09:31.307380 [debug] [Thread-1 (]: Began running node model.sdp.stg_short_interest
[0m01:09:31.307649 [info ] [Thread-1 (]: 1 of 1 START sql table model main_staging.stg_short_interest ................... [RUN]
[0m01:09:31.307888 [debug] [Thread-1 (]: Re-using an available connection from the pool (formerly list_sdp_main_staging, now model.sdp.stg_short_interest)
[0m01:09:31.308054 [debug] [Thread-1 (]: Began compiling node model.sdp.stg_short_interest
[0m01:09:31.311813 [debug] [Thread-1 (]: Writing injected SQL for node "model.sdp.stg_short_interest"
[0m01:09:31.312147 [debug] [Thread-1 (]: Began executing node model.sdp.stg_short_interest
[0m01:09:31.338626 [debug] [Thread-1 (]: Writing runtime sql for node "model.sdp.stg_short_interest"
[0m01:09:31.339027 [debug] [Thread-1 (]: Using duckdb connection "model.sdp.stg_short_interest"
[0m01:09:31.339209 [debug] [Thread-1 (]: On model.sdp.stg_short_interest: BEGIN
[0m01:09:31.339367 [debug] [Thread-1 (]: Opening a new connection, currently in state closed
[0m01:09:31.339653 [debug] [Thread-1 (]: SQL status: OK in 0.000 seconds
[0m01:09:31.339806 [debug] [Thread-1 (]: Using duckdb connection "model.sdp.stg_short_interest"
[0m01:09:31.340006 [debug] [Thread-1 (]: On model.sdp.stg_short_interest: /* {"app": "dbt", "dbt_version": "1.12.3", "profile_name": "sdp", "target_name": "dev", "node_id": "model.sdp.stg_short_interest"} */

    

    create  table
      "sdp"."main_staging"."stg_short_interest__dbt_tmp"
  
    
    as (
      

with sessions as (

    select
        date as session,
        row_number() over (order by date) as rn
    from (select distinct date from read_parquet(
        '/Users/aray/strategic-data-platform/data/raw/us_stocks_day_aggs/date=*/data.parquet',
        hive_partitioning = true
    ))

),

raw as (

    select
        cast(settlement_date as date) as settlement_date,
        ticker,
        short_interest,
        avg_daily_volume,
        days_to_cover
    from read_parquet(
        '/Users/aray/strategic-data-platform/data/raw/massive_short_interest/date=*/data.parquet',
        hive_partitioning = true
    )

),

-- The first session strictly after each settlement date. Restricted to the
-- settlement dates that the bar calendar actually covers, so that the count
-- never starts from the first bar instead of from the settlement.
first_session_after as (

    select
        r.settlement_date,
        min(s.rn) as rn_first
    from (select distinct settlement_date from raw) r
    join sessions s
      on s.session > r.settlement_date
    where r.settlement_date >= (select min(session) from sessions)
    group by 1

),

publication as (

    select
        f.settlement_date,
        s.session as effective_date
    from first_session_after f
    left join sessions s
      on s.rn = f.rn_first + 8 - 1

)

select
    r.settlement_date,
    p.effective_date,
    r.ticker,
    r.short_interest,
    r.avg_daily_volume,

    -- Null, because the cap is not a measurement. See the header.
    case when r.days_to_cover < 999.99 then r.days_to_cover end as days_to_cover,
    r.days_to_cover >= 999.99                                   as days_to_cover_is_censored,

    -- The ratio computed from the two raw columns. Uncensored, and null only
    -- where the vendor reports no volume at all.
    r.short_interest / nullif(r.avg_daily_volume, 0)            as days_to_cover_computed

from raw r
left join publication p
    on p.settlement_date = r.settlement_date
    );
    
  
[0m01:09:31.353837 [debug] [Thread-1 (]: SQL status: OK in 0.014 seconds
[0m01:09:31.356633 [debug] [Thread-1 (]: Using duckdb connection "model.sdp.stg_short_interest"
[0m01:09:31.356845 [debug] [Thread-1 (]: On model.sdp.stg_short_interest: /* {"app": "dbt", "dbt_version": "1.12.3", "profile_name": "sdp", "target_name": "dev", "node_id": "model.sdp.stg_short_interest"} */

    SELECT index_name
    FROM duckdb_indexes()
    WHERE database_name = 'sdp'
      AND schema_name = 'main_staging'
      AND table_name = 'stg_short_interest'
  
[0m01:09:31.357380 [debug] [Thread-1 (]: SQL status: OK in 0.000 seconds
[0m01:09:31.360353 [debug] [Thread-1 (]: Using duckdb connection "model.sdp.stg_short_interest"
[0m01:09:31.360557 [debug] [Thread-1 (]: On model.sdp.stg_short_interest: /* {"app": "dbt", "dbt_version": "1.12.3", "profile_name": "sdp", "target_name": "dev", "node_id": "model.sdp.stg_short_interest"} */
alter table "sdp"."main_staging"."stg_short_interest" rename to "stg_short_interest__dbt_backup"
[0m01:09:31.360890 [debug] [Thread-1 (]: SQL status: OK in 0.000 seconds
[0m01:09:31.361969 [debug] [Thread-1 (]: Using duckdb connection "model.sdp.stg_short_interest"
[0m01:09:31.362158 [debug] [Thread-1 (]: On model.sdp.stg_short_interest: /* {"app": "dbt", "dbt_version": "1.12.3", "profile_name": "sdp", "target_name": "dev", "node_id": "model.sdp.stg_short_interest"} */
alter table "sdp"."main_staging"."stg_short_interest__dbt_tmp" rename to "stg_short_interest"
[0m01:09:31.362435 [debug] [Thread-1 (]: SQL status: OK in 0.000 seconds
[0m01:09:31.371155 [debug] [Thread-1 (]: On model.sdp.stg_short_interest: COMMIT
[0m01:09:31.371363 [debug] [Thread-1 (]: Using duckdb connection "model.sdp.stg_short_interest"
[0m01:09:31.371542 [debug] [Thread-1 (]: On model.sdp.stg_short_interest: COMMIT
[0m01:09:31.376982 [debug] [Thread-1 (]: SQL status: OK in 0.005 seconds
[0m01:09:31.379424 [debug] [Thread-1 (]: Using duckdb connection "model.sdp.stg_short_interest"
[0m01:09:31.379614 [debug] [Thread-1 (]: On model.sdp.stg_short_interest: /* {"app": "dbt", "dbt_version": "1.12.3", "profile_name": "sdp", "target_name": "dev", "node_id": "model.sdp.stg_short_interest"} */

      drop table if exists "sdp"."main_staging"."stg_short_interest__dbt_backup" cascade
    
[0m01:09:31.380065 [debug] [Thread-1 (]: SQL status: OK in 0.000 seconds
[0m01:09:31.381294 [debug] [Thread-1 (]: On model.sdp.stg_short_interest: Close
[0m01:09:31.382446 [debug] [Thread-1 (]: Sending event: {'category': 'dbt', 'action': 'run_model', 'label': 'e10bd4fc-527f-4a56-a730-386d87531283', 'context': [<snowplow_tracker.self_describing_json.SelfDescribingJson object at 0x1119e7830>]}
[0m01:09:31.382811 [info ] [Thread-1 (]: 1 of 1 OK created sql table model main_staging.stg_short_interest .............. [[32mOK[0m in 0.07s]
[0m01:09:31.383108 [debug] [Thread-1 (]: Finished running node model.sdp.stg_short_interest
[0m01:09:31.383813 [debug] [MainThread]: Using duckdb connection "master"
[0m01:09:31.383987 [debug] [MainThread]: On master: BEGIN
[0m01:09:31.384132 [debug] [MainThread]: Opening a new connection, currently in state closed
[0m01:09:31.384366 [debug] [MainThread]: SQL status: OK in 0.000 seconds
[0m01:09:31.384509 [debug] [MainThread]: On master: COMMIT
[0m01:09:31.384652 [debug] [MainThread]: Using duckdb connection "master"
[0m01:09:31.384778 [debug] [MainThread]: On master: COMMIT
[0m01:09:31.384972 [debug] [MainThread]: SQL status: OK in 0.000 seconds
[0m01:09:31.385109 [debug] [MainThread]: On master: Close
[0m01:09:31.385301 [debug] [MainThread]: Connection 'master' was properly closed.
[0m01:09:31.385437 [debug] [MainThread]: Connection 'model.sdp.stg_short_interest' was properly closed.
[0m01:09:31.385585 [info ] [MainThread]: 
[0m01:09:31.385742 [info ] [MainThread]: Finished running 1 table model in 0 hours 0 minutes and 0.14 seconds (0.14s).
[0m01:09:31.386050 [debug] [MainThread]: Command end result
[0m01:09:31.413532 [debug] [MainThread]: Wrote artifact WritableManifest to /Users/aray/strategic-data-platform/transform/target/manifest.json
[0m01:09:31.415172 [debug] [MainThread]: Wrote artifact SemanticManifest to /Users/aray/strategic-data-platform/transform/target/semantic_manifest.json
[0m01:09:31.416779 [debug] [MainThread]: Wrote artifact OsiDocument to /Users/aray/strategic-data-platform/transform/target/osi_document.json
[0m01:09:31.420420 [debug] [MainThread]: Wrote artifact RunExecutionResult to /Users/aray/strategic-data-platform/transform/target/run_results.json
[0m01:09:31.420586 [info ] [MainThread]: 
[0m01:09:31.420778 [info ] [MainThread]: [32mCompleted successfully[0m
[0m01:09:31.420921 [info ] [MainThread]: 
[0m01:09:31.421079 [info ] [MainThread]: Done. PASS=1 WARN=0 ERROR=0 SKIP=0 NO-OP=0 REUSED=0 TOTAL=1
[0m01:09:31.422029 [debug] [MainThread]: Resource report: {"command_name": "build", "command_success": true, "command_wall_clock_time": 0.8206456, "process_in_blocks": "0", "process_kernel_time": 0.164678, "process_mem_max_rss": "211501056", "process_out_blocks": "0", "process_user_time": 2.055265}
[0m01:09:31.422308 [debug] [MainThread]: Command `dbt build` succeeded at 01:09:31.422266 after 0.82 seconds
[0m01:09:31.422491 [debug] [MainThread]: Sending event: {'category': 'dbt', 'action': 'invocation', 'label': 'end', 'context': [<snowplow_tracker.self_describing_json.SelfDescribingJson object at 0x11090a5d0>, <snowplow_tracker.self_describing_json.SelfDescribingJson object at 0x111dbc0b0>, <snowplow_tracker.self_describing_json.SelfDescribingJson object at 0x111dbc080>]}
[0m01:09:31.422679 [debug] [MainThread]: Flushing usage events
[0m01:09:31.909139 [debug] [MainThread]: An error was encountered while trying to flush usage events
[0m01:09:59.352477 [debug] [MainThread]: Sending event: {'category': 'dbt', 'action': 'invocation', 'label': 'start', 'context': [<snowplow_tracker.self_describing_json.SelfDescribingJson object at 0x101d3e540>, <snowplow_tracker.self_describing_json.SelfDescribingJson object at 0x1088b7da0>, <snowplow_tracker.self_describing_json.SelfDescribingJson object at 0x1088b7920>]}


============================== 01:09:59.355998 | 85744f2b-af7e-4f72-bb0c-376ee5e1413e ==============================
[0m01:09:59.355998 [info ] [MainThread]: Running with dbt=1.12.3
[0m01:09:59.356371 [debug] [MainThread]: running dbt with arguments {'use_colors': 'True', 'log_format': 'default', 'version_check': 'True', 'use_experimental_parser': 'False', 'debug': 'False', 'partial_parse': 'True', 'write_json': 'True', 'invocation_command': 'dbt build --project-dir /Users/aray/strategic-data-platform/transform --profiles-dir /Users/aray/strategic-data-platform/transform', 'target_path': 'None', 'hints_enabled': 'True', 'fail_fast': 'False', 'maximum_seed_size_mib': '1', 'profiles_dir': '/Users/aray/strategic-data-platform/transform', 'log_cache_events': 'False', 'quiet': 'False', 'indirect_selection': 'eager', 'static_parser': 'True', 'empty': 'False', 'cache_selected_only': 'False', 'log_path': '/Users/aray/strategic-data-platform/transform/logs', 'warn_error': 'None', 'send_anonymous_usage_stats': 'True', 'printer_width': '80', 'no_print': 'None', 'introspect': 'True', 'warn_error_options': 'WarnErrorOptionsV2(error=[], warn=[], silence=[])'}
[0m01:09:59.487292 [debug] [MainThread]: Sending event: {'category': 'dbt', 'action': 'project_id', 'label': '85744f2b-af7e-4f72-bb0c-376ee5e1413e', 'context': [<snowplow_tracker.self_describing_json.SelfDescribingJson object at 0x1039882c0>]}
[0m01:09:59.520588 [debug] [MainThread]: Sending event: {'category': 'dbt', 'action': 'adapter_info', 'label': '85744f2b-af7e-4f72-bb0c-376ee5e1413e', 'context': [<snowplow_tracker.self_describing_json.SelfDescribingJson object at 0x104b44ce0>]}
[0m01:09:59.522086 [info ] [MainThread]: Registered adapter: duckdb=1.11.0
[0m01:09:59.578610 [debug] [MainThread]: checksum: df77d024545beffdfb3dcaa2a34280d40752d6e75935d5d6fc61c6a7bf2279f2, vars: {}, profile: sdp, target: dev, version: 1.12.3
[0m01:09:59.712738 [debug] [MainThread]: Partial parsing enabled: 0 files deleted, 3 files added, 1 files changed.
[0m01:09:59.713084 [debug] [MainThread]: Partial parsing: added file: sdp://tests/assert_days_to_cover_is_never_the_censoring_cap.sql
[0m01:09:59.713264 [debug] [MainThread]: Partial parsing: added file: sdp://tests/assert_short_interest_is_never_public_before_settlement.sql
[0m01:09:59.713429 [debug] [MainThread]: Partial parsing: added file: sdp://tests/assert_the_publication_lag_is_the_configured_sessions.sql
[0m01:09:59.713660 [debug] [MainThread]: Partial parsing: updated file: sdp://models/staging/schema.yml
[0m01:09:59.953178 [debug] [MainThread]: Sending event: {'category': 'dbt', 'action': 'load_project', 'label': '85744f2b-af7e-4f72-bb0c-376ee5e1413e', 'context': [<snowplow_tracker.self_describing_json.SelfDescribingJson object at 0x1093b49e0>]}
[0m01:10:00.007037 [debug] [MainThread]: Wrote artifact WritableManifest to /Users/aray/strategic-data-platform/transform/target/manifest.json
[0m01:10:00.009232 [debug] [MainThread]: Wrote artifact SemanticManifest to /Users/aray/strategic-data-platform/transform/target/semantic_manifest.json
[0m01:10:00.019790 [debug] [MainThread]: Wrote artifact OsiDocument to /Users/aray/strategic-data-platform/transform/target/osi_document.json
[0m01:10:00.033521 [debug] [MainThread]: Sending event: {'category': 'dbt', 'action': 'resource_counts', 'label': '85744f2b-af7e-4f72-bb0c-376ee5e1413e', 'context': [<snowplow_tracker.self_describing_json.SelfDescribingJson object at 0x10967b4a0>]}
[0m01:10:00.033762 [info ] [MainThread]: Found 4 models, 27 data tests, 502 macros
[0m01:10:00.035509 [info ] [MainThread]: 
[0m01:10:00.035720 [info ] [MainThread]: Concurrency: 4 threads (target='dev')
[0m01:10:00.035865 [info ] [MainThread]: 
[0m01:10:00.036132 [debug] [MainThread]: Acquiring new duckdb connection 'master'
[0m01:10:00.038595 [debug] [ThreadPool]: Acquiring new duckdb connection 'list_sdp'
[0m01:10:00.067368 [debug] [ThreadPool]: Using duckdb connection "list_sdp"
[0m01:10:00.067552 [debug] [ThreadPool]: On list_sdp: /* {"app": "dbt", "dbt_version": "1.12.3", "profile_name": "sdp", "target_name": "dev", "connection_name": "list_sdp"} */

    
    select schema_name
    from system.information_schema.schemata
    
    where lower(catalog_name) = '"sdp"'
    
  
  
[0m01:10:00.067705 [debug] [ThreadPool]: Opening a new connection, currently in state init
[0m01:10:00.076013 [debug] [ThreadPool]: SQL status: OK in 0.008 seconds
[0m01:10:00.076733 [debug] [ThreadPool]: On list_sdp: Close
[0m01:10:00.077083 [debug] [ThreadPool]: Re-using an available connection from the pool (formerly list_sdp, now create_sdp_main_staging)
[0m01:10:00.077323 [debug] [ThreadPool]: Creating schema "database: "sdp"
schema: "main_staging"
"
[0m01:10:00.081017 [debug] [ThreadPool]: Using duckdb connection "create_sdp_main_staging"
[0m01:10:00.081191 [debug] [ThreadPool]: On create_sdp_main_staging: /* {"app": "dbt", "dbt_version": "1.12.3", "profile_name": "sdp", "target_name": "dev", "connection_name": "create_sdp_main_staging"} */

    
        select type from duckdb_databases()
        where lower(database_name)='sdp'
        and type != 'duckdb'
    
  
[0m01:10:00.081332 [debug] [ThreadPool]: Opening a new connection, currently in state closed
[0m01:10:00.081743 [debug] [ThreadPool]: SQL status: OK in 0.000 seconds
[0m01:10:00.082382 [debug] [ThreadPool]: Using duckdb connection "create_sdp_main_staging"
[0m01:10:00.082530 [debug] [ThreadPool]: On create_sdp_main_staging: BEGIN
[0m01:10:00.082760 [debug] [ThreadPool]: SQL status: OK in 0.000 seconds
[0m01:10:00.082890 [debug] [ThreadPool]: Using duckdb connection "create_sdp_main_staging"
[0m01:10:00.083024 [debug] [ThreadPool]: On create_sdp_main_staging: /* {"app": "dbt", "dbt_version": "1.12.3", "profile_name": "sdp", "target_name": "dev", "connection_name": "create_sdp_main_staging"} */

    
    
        create schema if not exists "sdp"."main_staging"
    
[0m01:10:00.083292 [debug] [ThreadPool]: SQL status: OK in 0.000 seconds
[0m01:10:00.083773 [debug] [ThreadPool]: On create_sdp_main_staging: COMMIT
[0m01:10:00.083954 [debug] [ThreadPool]: Using duckdb connection "create_sdp_main_staging"
[0m01:10:00.084099 [debug] [ThreadPool]: On create_sdp_main_staging: COMMIT
[0m01:10:00.084342 [debug] [ThreadPool]: SQL status: OK in 0.000 seconds
[0m01:10:00.084493 [debug] [ThreadPool]: On create_sdp_main_staging: Close
[0m01:10:00.085158 [debug] [ThreadPool]: Re-using an available connection from the pool (formerly create_sdp_main_staging, now list_sdp_main_staging)
[0m01:10:00.087367 [debug] [ThreadPool]: Using duckdb connection "list_sdp_main_staging"
[0m01:10:00.087541 [debug] [ThreadPool]: On list_sdp_main_staging: BEGIN
[0m01:10:00.087696 [debug] [ThreadPool]: Opening a new connection, currently in state closed
[0m01:10:00.087948 [debug] [ThreadPool]: SQL status: OK in 0.000 seconds
[0m01:10:00.088083 [debug] [ThreadPool]: Using duckdb connection "list_sdp_main_staging"
[0m01:10:00.088225 [debug] [ThreadPool]: On list_sdp_main_staging: /* {"app": "dbt", "dbt_version": "1.12.3", "profile_name": "sdp", "target_name": "dev", "connection_name": "list_sdp_main_staging"} */
select
      'sdp' as database,
      table_name as name,
      table_schema as schema,
      CASE table_type
        WHEN 'BASE TABLE' THEN 'table'
        WHEN 'VIEW' THEN 'view'
        WHEN 'LOCAL TEMPORARY' THEN 'table'
        END as type
    from system.information_schema.tables
    where lower(table_schema) = 'main_staging'
    and lower(table_catalog) = 'sdp'
  
[0m01:10:00.089962 [debug] [ThreadPool]: SQL status: OK in 0.002 seconds
[0m01:10:00.090688 [debug] [ThreadPool]: On list_sdp_main_staging: ROLLBACK
[0m01:10:00.090943 [debug] [ThreadPool]: On list_sdp_main_staging: Close
[0m01:10:00.091491 [debug] [MainThread]: Sending event: {'category': 'dbt', 'action': 'runnable_timing', 'label': '85744f2b-af7e-4f72-bb0c-376ee5e1413e', 'context': [<snowplow_tracker.self_describing_json.SelfDescribingJson object at 0x109c167b0>]}
[0m01:10:00.091715 [debug] [MainThread]: Using duckdb connection "master"
[0m01:10:00.091867 [debug] [MainThread]: On master: BEGIN
[0m01:10:00.091996 [debug] [MainThread]: Opening a new connection, currently in state init
[0m01:10:00.092234 [debug] [MainThread]: SQL status: OK in 0.000 seconds
[0m01:10:00.092368 [debug] [MainThread]: On master: COMMIT
[0m01:10:00.092499 [debug] [MainThread]: Using duckdb connection "master"
[0m01:10:00.092623 [debug] [MainThread]: On master: COMMIT
[0m01:10:00.092824 [debug] [MainThread]: SQL status: OK in 0.000 seconds
[0m01:10:00.092956 [debug] [MainThread]: On master: Close
[0m01:10:00.094505 [debug] [Thread-1 (]: Began running node model.sdp.stg_corporate_actions
[0m01:10:00.094707 [debug] [Thread-2 (]: Began running node model.sdp.stg_short_interest
[0m01:10:00.094943 [info ] [Thread-1 (]: 1 of 31 START sql table model main_staging.stg_corporate_actions ............... [RUN]
[0m01:10:00.095199 [info ] [Thread-2 (]: 2 of 31 START sql table model main_staging.stg_short_interest .................. [RUN]
[0m01:10:00.095430 [debug] [Thread-1 (]: Re-using an available connection from the pool (formerly list_sdp_main_staging, now model.sdp.stg_corporate_actions)
[0m01:10:00.095674 [debug] [Thread-2 (]: Acquiring new duckdb connection 'model.sdp.stg_short_interest'
[0m01:10:00.095846 [debug] [Thread-1 (]: Began compiling node model.sdp.stg_corporate_actions
[0m01:10:00.096012 [debug] [Thread-2 (]: Began compiling node model.sdp.stg_short_interest
[0m01:10:00.101644 [debug] [Thread-1 (]: Writing injected SQL for node "model.sdp.stg_corporate_actions"
[0m01:10:00.103339 [debug] [Thread-2 (]: Writing injected SQL for node "model.sdp.stg_short_interest"
[0m01:10:00.104048 [debug] [Thread-2 (]: Began executing node model.sdp.stg_short_interest
[0m01:10:00.117537 [debug] [Thread-1 (]: Began executing node model.sdp.stg_corporate_actions
[0m01:10:00.141908 [debug] [Thread-1 (]: Writing runtime sql for node "model.sdp.stg_corporate_actions"
[0m01:10:00.142259 [debug] [Thread-2 (]: Writing runtime sql for node "model.sdp.stg_short_interest"
[0m01:10:00.142688 [debug] [Thread-1 (]: Using duckdb connection "model.sdp.stg_corporate_actions"
[0m01:10:00.142900 [debug] [Thread-2 (]: Using duckdb connection "model.sdp.stg_short_interest"
[0m01:10:00.143101 [debug] [Thread-1 (]: On model.sdp.stg_corporate_actions: BEGIN
[0m01:10:00.143278 [debug] [Thread-2 (]: On model.sdp.stg_short_interest: BEGIN
[0m01:10:00.143448 [debug] [Thread-1 (]: Opening a new connection, currently in state closed
[0m01:10:00.143608 [debug] [Thread-2 (]: Opening a new connection, currently in state init
[0m01:10:00.143968 [debug] [Thread-1 (]: SQL status: OK in 0.001 seconds
[0m01:10:00.144139 [debug] [Thread-1 (]: Using duckdb connection "model.sdp.stg_corporate_actions"
[0m01:10:00.144305 [debug] [Thread-2 (]: SQL status: OK in 0.001 seconds
[0m01:10:00.144571 [debug] [Thread-1 (]: On model.sdp.stg_corporate_actions: /* {"app": "dbt", "dbt_version": "1.12.3", "profile_name": "sdp", "target_name": "dev", "node_id": "model.sdp.stg_corporate_actions"} */

    

    create  table
      "sdp"."main_staging"."stg_corporate_actions__dbt_tmp"
  
    
    as (
      

with splits_src as (

    select
        ticker,
        cast(execution_date as date)          as event_date,
        split_from,
        split_to,
        historical_adjustment_factor          as factor,
        adjustment_type
    from read_parquet(
        '/Users/aray/strategic-data-platform/data/raw/massive_splits/pull_date=*/data.parquet',
        hive_partitioning = true
    )
    where pull_date = (select min(pull_date) from read_parquet(
        '/Users/aray/strategic-data-platform/data/raw/massive_splits/pull_date=*/data.parquet',
        hive_partitioning = true
    ))
      and ticker is not null
      and execution_date is not null
      -- A null factor on a split is fatal at ingest, so a null here cannot occur.
      -- A factor of 0 is RYCEF and it has no valid adjustment.
      and historical_adjustment_factor > 0
      and split_from > 0
      and split_to > 0

), splits_grouped as (

    select
        ticker,
        event_date,
        'split'                                       as kind,
        max(factor)                                   as factor,
        arg_max(split_from / split_to, factor)        as ratio,
        count(*)                                      as n_events,
        count(distinct factor)                        as n_distinct_factors,
        max(factor) / min(factor)                     as factor_spread,
        false                                         as factor_is_null
    from splits_src
    group by 1, 2

), dividends_src as (

    select
        ticker,
        cast(ex_dividend_date as date)        as event_date,
        historical_adjustment_factor          as factor,
        cash_amount
    from read_parquet(
        '/Users/aray/strategic-data-platform/data/raw/massive_dividends/pull_date=*/data.parquet',
        hive_partitioning = true
    )
    where pull_date = (select min(pull_date) from read_parquet(
        '/Users/aray/strategic-data-platform/data/raw/massive_dividends/pull_date=*/data.parquet',
        hive_partitioning = true
    ))
      and ticker is not null
      and ex_dividend_date is not null
      and currency = 'USD'
      -- Keep the null factor. It is structural: the vendor has no price on the
      -- ex-date for that security. A predicate of "factor > 0" alone removes the
      -- null rows without a message, and the as-of join then reports 1.0 for a
      -- date whose factor is unknown. Three-valued logic, the same trap as the
      -- cash_amount predicate in the audits.
      and (historical_adjustment_factor is null or historical_adjustment_factor > 0)

), dividends_grouped as (

    select
        ticker,
        event_date,
        'dividend'                                    as kind,
        -- One null distribution makes the date unknown. It does not make it 1.0.
        case when bool_or(factor is null) then null else min(factor) end as factor,
        cast(null as double)                          as ratio,
        count(*)                                      as n_events,
        count(distinct factor)                        as n_distinct_factors,
        max(factor) / nullif(min(factor), 0)          as factor_spread,
        bool_or(factor is null)                       as factor_is_null
    from dividends_src
    group by 1, 2

), unioned as (

    select * from splits_grouped
    union all
    select * from dividends_grouped

)

select
    ticker,
    event_date,
    kind,
    factor,
    ratio,
    n_events,
    n_distinct_factors,
    factor_spread,
    factor_is_null,
    n_events > 1 as is_collapsed,
    
    bool_or(n_events > 1) over (
        partition by ticker, kind
        order by event_date desc
        rows between unbounded preceding and current row
    ) as has_collapsed_at_or_after,
    
    case when kind = 'split' then
        exp(sum(ln(ratio)) over (
            partition by ticker, kind
            order by event_date desc
            rows between unbounded preceding and current row
        ))
    end as factor_chained_check
from unioned
    );
    
  
[0m01:10:00.144835 [debug] [Thread-2 (]: Using duckdb connection "model.sdp.stg_short_interest"
[0m01:10:00.145258 [debug] [Thread-2 (]: On model.sdp.stg_short_interest: /* {"app": "dbt", "dbt_version": "1.12.3", "profile_name": "sdp", "target_name": "dev", "node_id": "model.sdp.stg_short_interest"} */

    

    create  table
      "sdp"."main_staging"."stg_short_interest__dbt_tmp"
  
    
    as (
      

with sessions as (

    select
        date as session,
        row_number() over (order by date) as rn
    from (select distinct date from read_parquet(
        '/Users/aray/strategic-data-platform/data/raw/us_stocks_day_aggs/date=*/data.parquet',
        hive_partitioning = true
    ))

),

raw as (

    select
        cast(settlement_date as date) as settlement_date,
        ticker,
        short_interest,
        avg_daily_volume,
        days_to_cover
    from read_parquet(
        '/Users/aray/strategic-data-platform/data/raw/massive_short_interest/date=*/data.parquet',
        hive_partitioning = true
    )

),

-- The first session strictly after each settlement date. Restricted to the
-- settlement dates that the bar calendar actually covers, so that the count
-- never starts from the first bar instead of from the settlement.
first_session_after as (

    select
        r.settlement_date,
        min(s.rn) as rn_first
    from (select distinct settlement_date from raw) r
    join sessions s
      on s.session > r.settlement_date
    where r.settlement_date >= (select min(session) from sessions)
    group by 1

),

publication as (

    select
        f.settlement_date,
        s.session as effective_date
    from first_session_after f
    left join sessions s
      on s.rn = f.rn_first + 8 - 1

)

select
    r.settlement_date,
    p.effective_date,
    r.ticker,
    r.short_interest,
    r.avg_daily_volume,

    -- Null, because the cap is not a measurement. See the header.
    case when r.days_to_cover < 999.99 then r.days_to_cover end as days_to_cover,
    r.days_to_cover >= 999.99                                   as days_to_cover_is_censored,

    -- The ratio computed from the two raw columns. Uncensored, and null only
    -- where the vendor reports no volume at all.
    r.short_interest / nullif(r.avg_daily_volume, 0)            as days_to_cover_computed

from raw r
left join publication p
    on p.settlement_date = r.settlement_date
    );
    
  
[0m01:10:00.180053 [debug] [Thread-2 (]: SQL status: OK in 0.034 seconds
[0m01:10:00.185080 [debug] [Thread-2 (]: Using duckdb connection "model.sdp.stg_short_interest"
[0m01:10:00.186132 [debug] [Thread-2 (]: On model.sdp.stg_short_interest: /* {"app": "dbt", "dbt_version": "1.12.3", "profile_name": "sdp", "target_name": "dev", "node_id": "model.sdp.stg_short_interest"} */

    SELECT index_name
    FROM duckdb_indexes()
    WHERE database_name = 'sdp'
      AND schema_name = 'main_staging'
      AND table_name = 'stg_short_interest'
  
[0m01:10:00.187903 [debug] [Thread-2 (]: SQL status: OK in 0.001 seconds
[0m01:10:00.191406 [debug] [Thread-2 (]: Using duckdb connection "model.sdp.stg_short_interest"
[0m01:10:00.191671 [debug] [Thread-2 (]: On model.sdp.stg_short_interest: /* {"app": "dbt", "dbt_version": "1.12.3", "profile_name": "sdp", "target_name": "dev", "node_id": "model.sdp.stg_short_interest"} */
alter table "sdp"."main_staging"."stg_short_interest" rename to "stg_short_interest__dbt_backup"
[0m01:10:00.192200 [debug] [Thread-2 (]: SQL status: OK in 0.000 seconds
[0m01:10:00.193493 [debug] [Thread-2 (]: Using duckdb connection "model.sdp.stg_short_interest"
[0m01:10:00.193773 [debug] [Thread-2 (]: On model.sdp.stg_short_interest: /* {"app": "dbt", "dbt_version": "1.12.3", "profile_name": "sdp", "target_name": "dev", "node_id": "model.sdp.stg_short_interest"} */
alter table "sdp"."main_staging"."stg_short_interest__dbt_tmp" rename to "stg_short_interest"
[0m01:10:00.194256 [debug] [Thread-2 (]: SQL status: OK in 0.000 seconds
[0m01:10:00.203822 [debug] [Thread-2 (]: On model.sdp.stg_short_interest: COMMIT
[0m01:10:00.204132 [debug] [Thread-2 (]: Using duckdb connection "model.sdp.stg_short_interest"
[0m01:10:00.204349 [debug] [Thread-2 (]: On model.sdp.stg_short_interest: COMMIT
[0m01:10:00.210982 [debug] [Thread-2 (]: SQL status: OK in 0.006 seconds
[0m01:10:00.213539 [debug] [Thread-2 (]: Using duckdb connection "model.sdp.stg_short_interest"
[0m01:10:00.213744 [debug] [Thread-2 (]: On model.sdp.stg_short_interest: /* {"app": "dbt", "dbt_version": "1.12.3", "profile_name": "sdp", "target_name": "dev", "node_id": "model.sdp.stg_short_interest"} */

      drop table if exists "sdp"."main_staging"."stg_short_interest__dbt_backup" cascade
    
[0m01:10:00.214217 [debug] [Thread-2 (]: SQL status: OK in 0.000 seconds
[0m01:10:00.215441 [debug] [Thread-2 (]: On model.sdp.stg_short_interest: Close
[0m01:10:00.216677 [debug] [Thread-2 (]: Sending event: {'category': 'dbt', 'action': 'run_model', 'label': '85744f2b-af7e-4f72-bb0c-376ee5e1413e', 'context': [<snowplow_tracker.self_describing_json.SelfDescribingJson object at 0x1094fc8f0>]}
[0m01:10:00.217074 [info ] [Thread-2 (]: 2 of 31 OK created sql table model main_staging.stg_short_interest ............. [[32mOK[0m in 0.12s]
[0m01:10:00.217403 [debug] [Thread-2 (]: Finished running node model.sdp.stg_short_interest
[0m01:10:00.217794 [debug] [Thread-4 (]: Began running node test.sdp.assert_days_to_cover_is_never_the_censoring_cap
[0m01:10:00.218000 [debug] [Thread-3 (]: Began running node test.sdp.assert_short_interest_is_never_public_before_settlement
[0m01:10:00.218225 [debug] [Thread-2 (]: Began running node test.sdp.assert_the_publication_lag_is_the_configured_sessions
[0m01:10:00.218488 [info ] [Thread-4 (]: 3 of 31 START test assert_days_to_cover_is_never_the_censoring_cap ............. [RUN]
[0m01:10:00.218737 [info ] [Thread-3 (]: 4 of 31 START test assert_short_interest_is_never_public_before_settlement ..... [RUN]
[0m01:10:00.218970 [info ] [Thread-2 (]: 5 of 31 START test assert_the_publication_lag_is_the_configured_sessions ....... [RUN]
[0m01:10:00.219282 [debug] [Thread-4 (]: Acquiring new duckdb connection 'test.sdp.assert_days_to_cover_is_never_the_censoring_cap'
[0m01:10:00.219535 [debug] [Thread-3 (]: Acquiring new duckdb connection 'test.sdp.assert_short_interest_is_never_public_before_settlement'
[0m01:10:00.219767 [debug] [Thread-2 (]: Re-using an available connection from the pool (formerly model.sdp.stg_short_interest, now test.sdp.assert_the_publication_lag_is_the_configured_sessions)
[0m01:10:00.219960 [debug] [Thread-4 (]: Began compiling node test.sdp.assert_days_to_cover_is_never_the_censoring_cap
[0m01:10:00.220136 [debug] [Thread-3 (]: Began compiling node test.sdp.assert_short_interest_is_never_public_before_settlement
[0m01:10:00.220310 [debug] [Thread-2 (]: Began compiling node test.sdp.assert_the_publication_lag_is_the_configured_sessions
[0m01:10:00.221254 [debug] [Thread-4 (]: Writing injected SQL for node "test.sdp.assert_days_to_cover_is_never_the_censoring_cap"
[0m01:10:00.222243 [debug] [Thread-3 (]: Writing injected SQL for node "test.sdp.assert_short_interest_is_never_public_before_settlement"
[0m01:10:00.223542 [debug] [Thread-2 (]: Writing injected SQL for node "test.sdp.assert_the_publication_lag_is_the_configured_sessions"
[0m01:10:00.224129 [debug] [Thread-4 (]: Began executing node test.sdp.assert_days_to_cover_is_never_the_censoring_cap
[0m01:10:00.234503 [debug] [Thread-4 (]: Writing runtime sql for node "test.sdp.assert_days_to_cover_is_never_the_censoring_cap"
[0m01:10:00.234993 [debug] [Thread-2 (]: Began executing node test.sdp.assert_the_publication_lag_is_the_configured_sessions
[0m01:10:00.235877 [debug] [Thread-2 (]: Writing runtime sql for node "test.sdp.assert_the_publication_lag_is_the_configured_sessions"
[0m01:10:00.236109 [debug] [Thread-3 (]: Began executing node test.sdp.assert_short_interest_is_never_public_before_settlement
[0m01:10:00.236443 [debug] [Thread-4 (]: Using duckdb connection "test.sdp.assert_days_to_cover_is_never_the_censoring_cap"
[0m01:10:00.237443 [debug] [Thread-3 (]: Writing runtime sql for node "test.sdp.assert_short_interest_is_never_public_before_settlement"
[0m01:10:00.237752 [debug] [Thread-4 (]: On test.sdp.assert_days_to_cover_is_never_the_censoring_cap: BEGIN
[0m01:10:00.237952 [debug] [Thread-2 (]: Using duckdb connection "test.sdp.assert_the_publication_lag_is_the_configured_sessions"
[0m01:10:00.238236 [debug] [Thread-4 (]: Opening a new connection, currently in state init
[0m01:10:00.238479 [debug] [Thread-2 (]: On test.sdp.assert_the_publication_lag_is_the_configured_sessions: BEGIN
[0m01:10:00.238690 [debug] [Thread-3 (]: Using duckdb connection "test.sdp.assert_short_interest_is_never_public_before_settlement"
[0m01:10:00.239014 [debug] [Thread-2 (]: Opening a new connection, currently in state closed
[0m01:10:00.239224 [debug] [Thread-3 (]: On test.sdp.assert_short_interest_is_never_public_before_settlement: BEGIN
[0m01:10:00.239422 [debug] [Thread-4 (]: SQL status: OK in 0.001 seconds
[0m01:10:00.239804 [debug] [Thread-2 (]: SQL status: OK in 0.001 seconds
[0m01:10:00.239985 [debug] [Thread-3 (]: Opening a new connection, currently in state init
[0m01:10:00.240173 [debug] [Thread-4 (]: Using duckdb connection "test.sdp.assert_days_to_cover_is_never_the_censoring_cap"
[0m01:10:00.240368 [debug] [Thread-2 (]: Using duckdb connection "test.sdp.assert_the_publication_lag_is_the_configured_sessions"
[0m01:10:00.240690 [debug] [Thread-4 (]: On test.sdp.assert_days_to_cover_is_never_the_censoring_cap: /* {"app": "dbt", "dbt_version": "1.12.3", "profile_name": "sdp", "target_name": "dev", "node_id": "test.sdp.assert_days_to_cover_is_never_the_censoring_cap"} */

    
    select
      count(*) as failures,
      count(*) != 0 as should_warn,
      count(*) != 0 as should_error
    from (
      
    
  -- The vendor caps days_to_cover at 999.99. The cap is not a measurement.
--
-- Decision 0009 first recorded the cap as a sentinel for avg_daily_volume = 0.
-- That is incomplete. Measured on four settlement dates, 15,317 rows hold the
-- cap and only 12,074 of them have zero volume. The rest have an implied ratio
-- above the cap, up to 21.4 million, while the largest value below the cap is
-- 998.82.
--
-- So a rule that nulls the field only where volume is zero leaves thousands of
-- capped values in place, on the least liquid names, which is the exact set that
-- a crowding signal must treat with care.
select
    settlement_date,
    ticker,
    days_to_cover
from "sdp"."main_staging"."stg_short_interest"
where days_to_cover >= 999.99
  
  
      
    ) dbt_internal_test
[0m01:10:00.240971 [debug] [Thread-3 (]: SQL status: OK in 0.001 seconds
[0m01:10:00.241203 [debug] [Thread-2 (]: On test.sdp.assert_the_publication_lag_is_the_configured_sessions: /* {"app": "dbt", "dbt_version": "1.12.3", "profile_name": "sdp", "target_name": "dev", "node_id": "test.sdp.assert_the_publication_lag_is_the_configured_sessions"} */

    
    select
      count(*) as failures,
      count(*) != 0 as should_warn,
      count(*) != 0 as should_error
    from (
      
    
  -- The gap between the settlement date and the effective date must be exactly
-- the configured number of XNYS sessions.
--
-- Counting in sessions and not in calendar days is the point. A market holiday
-- inside the window would shorten a calendar-day lag and let a signal read the
-- number before it was public.
with sessions as (

    select date as session
    from (select distinct date from read_parquet(
        '/Users/aray/strategic-data-platform/data/raw/us_stocks_day_aggs/date=*/data.parquet',
        hive_partitioning = true
    ))

),

measured as (

    select
        s.settlement_date,
        s.effective_date,
        (select count(*) from sessions c
          where c.session > s.settlement_date
            and c.session <= s.effective_date) as sessions_between
    from (select distinct settlement_date, effective_date
          from "sdp"."main_staging"."stg_short_interest"
          where effective_date is not null) s

)

select *
from measured
where sessions_between <> 8
  
  
      
    ) dbt_internal_test
[0m01:10:00.241577 [debug] [Thread-3 (]: Using duckdb connection "test.sdp.assert_short_interest_is_never_public_before_settlement"
[0m01:10:00.242006 [debug] [Thread-3 (]: On test.sdp.assert_short_interest_is_never_public_before_settlement: /* {"app": "dbt", "dbt_version": "1.12.3", "profile_name": "sdp", "target_name": "dev", "node_id": "test.sdp.assert_short_interest_is_never_public_before_settlement"} */

    
    select
      count(*) as failures,
      count(*) != 0 as should_warn,
      count(*) != 0 as should_error
    from (
      
    
  -- A number cannot be public before the date it describes.
-- This is the cheap half of the publication rule. The next test checks the size
-- of the gap. This one checks its direction, which is the error that would make
-- a signal read the future.
select
    settlement_date,
    effective_date,
    ticker
from "sdp"."main_staging"."stg_short_interest"
where effective_date is not null
  and effective_date <= settlement_date
  
  
      
    ) dbt_internal_test
[0m01:10:00.242286 [debug] [Thread-4 (]: SQL status: OK in 0.001 seconds
[0m01:10:00.244310 [debug] [Thread-4 (]: On test.sdp.assert_days_to_cover_is_never_the_censoring_cap: ROLLBACK
[0m01:10:00.244655 [debug] [Thread-3 (]: SQL status: OK in 0.002 seconds
[0m01:10:00.244968 [debug] [Thread-4 (]: On test.sdp.assert_days_to_cover_is_never_the_censoring_cap: Close
[0m01:10:00.246063 [debug] [Thread-3 (]: On test.sdp.assert_short_interest_is_never_public_before_settlement: ROLLBACK
[0m01:10:00.246288 [debug] [Thread-2 (]: SQL status: OK in 0.004 seconds
[0m01:10:00.245366 [info ] [Thread-4 (]: 3 of 31 PASS assert_days_to_cover_is_never_the_censoring_cap ................... [[32mPASS[0m in 0.03s]
[0m01:10:00.246543 [debug] [Thread-3 (]: On test.sdp.assert_short_interest_is_never_public_before_settlement: Close
[0m01:10:00.246854 [debug] [Thread-4 (]: Finished running node test.sdp.assert_days_to_cover_is_never_the_censoring_cap
[0m01:10:00.247602 [debug] [Thread-2 (]: On test.sdp.assert_the_publication_lag_is_the_configured_sessions: ROLLBACK
[0m01:10:00.247906 [info ] [Thread-3 (]: 4 of 31 PASS assert_short_interest_is_never_public_before_settlement ........... [[32mPASS[0m in 0.03s]
[0m01:10:00.248229 [debug] [Thread-4 (]: Began running node test.sdp.not_null_stg_short_interest_days_to_cover_is_censored.0680a58b96
[0m01:10:00.248682 [debug] [Thread-3 (]: Finished running node test.sdp.assert_short_interest_is_never_public_before_settlement
[0m01:10:00.248930 [info ] [Thread-4 (]: 6 of 31 START test not_null_stg_short_interest_days_to_cover_is_censored ....... [RUN]
[0m01:10:00.249208 [debug] [Thread-2 (]: On test.sdp.assert_the_publication_lag_is_the_configured_sessions: Close
[0m01:10:00.249411 [debug] [Thread-3 (]: Began running node test.sdp.not_null_stg_short_interest_settlement_date.effc405a2a
[0m01:10:00.249681 [debug] [Thread-4 (]: Re-using an available connection from the pool (formerly test.sdp.assert_days_to_cover_is_never_the_censoring_cap, now test.sdp.not_null_stg_short_interest_days_to_cover_is_censored.0680a58b96)
[0m01:10:00.249998 [info ] [Thread-3 (]: 7 of 31 START test not_null_stg_short_interest_settlement_date ................. [RUN]
[0m01:10:00.250291 [info ] [Thread-2 (]: 5 of 31 PASS assert_the_publication_lag_is_the_configured_sessions ............. [[32mPASS[0m in 0.03s]
[0m01:10:00.250542 [debug] [Thread-4 (]: Began compiling node test.sdp.not_null_stg_short_interest_days_to_cover_is_censored.0680a58b96
[0m01:10:00.250838 [debug] [Thread-3 (]: Re-using an available connection from the pool (formerly test.sdp.assert_short_interest_is_never_public_before_settlement, now test.sdp.not_null_stg_short_interest_settlement_date.effc405a2a)
[0m01:10:00.251163 [debug] [Thread-2 (]: Finished running node test.sdp.assert_the_publication_lag_is_the_configured_sessions
[0m01:10:00.258314 [debug] [Thread-4 (]: Writing injected SQL for node "test.sdp.not_null_stg_short_interest_days_to_cover_is_censored.0680a58b96"
[0m01:10:00.258603 [debug] [Thread-3 (]: Began compiling node test.sdp.not_null_stg_short_interest_settlement_date.effc405a2a
[0m01:10:00.258870 [debug] [Thread-2 (]: Began running node test.sdp.not_null_stg_short_interest_ticker.2296b30bee
[0m01:10:00.262343 [debug] [Thread-3 (]: Writing injected SQL for node "test.sdp.not_null_stg_short_interest_settlement_date.effc405a2a"
[0m01:10:00.262657 [info ] [Thread-2 (]: 8 of 31 START test not_null_stg_short_interest_ticker .......................... [RUN]
[0m01:10:00.262973 [debug] [Thread-4 (]: Began executing node test.sdp.not_null_stg_short_interest_days_to_cover_is_censored.0680a58b96
[0m01:10:00.263451 [debug] [Thread-2 (]: Re-using an available connection from the pool (formerly test.sdp.assert_the_publication_lag_is_the_configured_sessions, now test.sdp.not_null_stg_short_interest_ticker.2296b30bee)
[0m01:10:00.264417 [debug] [Thread-4 (]: Writing runtime sql for node "test.sdp.not_null_stg_short_interest_days_to_cover_is_censored.0680a58b96"
[0m01:10:00.264641 [debug] [Thread-3 (]: Began executing node test.sdp.not_null_stg_short_interest_settlement_date.effc405a2a
[0m01:10:00.264831 [debug] [Thread-2 (]: Began compiling node test.sdp.not_null_stg_short_interest_ticker.2296b30bee
[0m01:10:00.265755 [debug] [Thread-3 (]: Writing runtime sql for node "test.sdp.not_null_stg_short_interest_settlement_date.effc405a2a"
[0m01:10:00.269565 [debug] [Thread-2 (]: Writing injected SQL for node "test.sdp.not_null_stg_short_interest_ticker.2296b30bee"
[0m01:10:00.269935 [debug] [Thread-4 (]: Using duckdb connection "test.sdp.not_null_stg_short_interest_days_to_cover_is_censored.0680a58b96"
[0m01:10:00.270275 [debug] [Thread-4 (]: On test.sdp.not_null_stg_short_interest_days_to_cover_is_censored.0680a58b96: BEGIN
[0m01:10:00.270659 [debug] [Thread-4 (]: Opening a new connection, currently in state closed
[0m01:10:00.270974 [debug] [Thread-2 (]: Began executing node test.sdp.not_null_stg_short_interest_ticker.2296b30bee
[0m01:10:00.271192 [debug] [Thread-3 (]: Using duckdb connection "test.sdp.not_null_stg_short_interest_settlement_date.effc405a2a"
[0m01:10:00.271966 [debug] [Thread-2 (]: Writing runtime sql for node "test.sdp.not_null_stg_short_interest_ticker.2296b30bee"
[0m01:10:00.272184 [debug] [Thread-4 (]: SQL status: OK in 0.002 seconds
[0m01:10:00.272404 [debug] [Thread-3 (]: On test.sdp.not_null_stg_short_interest_settlement_date.effc405a2a: BEGIN
[0m01:10:00.272685 [debug] [Thread-4 (]: Using duckdb connection "test.sdp.not_null_stg_short_interest_days_to_cover_is_censored.0680a58b96"
[0m01:10:00.272927 [debug] [Thread-3 (]: Opening a new connection, currently in state closed
[0m01:10:00.273222 [debug] [Thread-4 (]: On test.sdp.not_null_stg_short_interest_days_to_cover_is_censored.0680a58b96: /* {"app": "dbt", "dbt_version": "1.12.3", "profile_name": "sdp", "target_name": "dev", "node_id": "test.sdp.not_null_stg_short_interest_days_to_cover_is_censored.0680a58b96"} */

    
    select
      count(*) as failures,
      count(*) != 0 as should_warn,
      count(*) != 0 as should_error
    from (
      
    
  
    
    



select days_to_cover_is_censored
from "sdp"."main_staging"."stg_short_interest"
where days_to_cover_is_censored is null



  
  
      
    ) dbt_internal_test
[0m01:10:00.273446 [debug] [Thread-2 (]: Using duckdb connection "test.sdp.not_null_stg_short_interest_ticker.2296b30bee"
[0m01:10:00.273856 [debug] [Thread-2 (]: On test.sdp.not_null_stg_short_interest_ticker.2296b30bee: BEGIN
[0m01:10:00.274035 [debug] [Thread-3 (]: SQL status: OK in 0.001 seconds
[0m01:10:00.274260 [debug] [Thread-2 (]: Opening a new connection, currently in state closed
[0m01:10:00.274516 [debug] [Thread-3 (]: Using duckdb connection "test.sdp.not_null_stg_short_interest_settlement_date.effc405a2a"
[0m01:10:00.274812 [debug] [Thread-4 (]: SQL status: OK in 0.001 seconds
[0m01:10:00.275016 [debug] [Thread-3 (]: On test.sdp.not_null_stg_short_interest_settlement_date.effc405a2a: /* {"app": "dbt", "dbt_version": "1.12.3", "profile_name": "sdp", "target_name": "dev", "node_id": "test.sdp.not_null_stg_short_interest_settlement_date.effc405a2a"} */

    
    select
      count(*) as failures,
      count(*) != 0 as should_warn,
      count(*) != 0 as should_error
    from (
      
    
  
    
    



select settlement_date
from "sdp"."main_staging"."stg_short_interest"
where settlement_date is null



  
  
      
    ) dbt_internal_test
[0m01:10:00.275305 [debug] [Thread-2 (]: SQL status: OK in 0.001 seconds
[0m01:10:00.276142 [debug] [Thread-4 (]: On test.sdp.not_null_stg_short_interest_days_to_cover_is_censored.0680a58b96: ROLLBACK
[0m01:10:00.276360 [debug] [Thread-3 (]: SQL status: OK in 0.001 seconds
[0m01:10:00.276561 [debug] [Thread-2 (]: Using duckdb connection "test.sdp.not_null_stg_short_interest_ticker.2296b30bee"
[0m01:10:00.276874 [debug] [Thread-4 (]: On test.sdp.not_null_stg_short_interest_days_to_cover_is_censored.0680a58b96: Close
[0m01:10:00.277135 [debug] [Thread-2 (]: On test.sdp.not_null_stg_short_interest_ticker.2296b30bee: /* {"app": "dbt", "dbt_version": "1.12.3", "profile_name": "sdp", "target_name": "dev", "node_id": "test.sdp.not_null_stg_short_interest_ticker.2296b30bee"} */

    
    select
      count(*) as failures,
      count(*) != 0 as should_warn,
      count(*) != 0 as should_error
    from (
      
    
  
    
    



select ticker
from "sdp"."main_staging"."stg_short_interest"
where ticker is null



  
  
      
    ) dbt_internal_test
[0m01:10:00.277984 [debug] [Thread-3 (]: On test.sdp.not_null_stg_short_interest_settlement_date.effc405a2a: ROLLBACK
[0m01:10:00.278343 [info ] [Thread-4 (]: 6 of 31 PASS not_null_stg_short_interest_days_to_cover_is_censored ............. [[32mPASS[0m in 0.03s]
[0m01:10:00.278822 [debug] [Thread-4 (]: Finished running node test.sdp.not_null_stg_short_interest_days_to_cover_is_censored.0680a58b96
[0m01:10:00.279053 [debug] [Thread-2 (]: SQL status: OK in 0.001 seconds
[0m01:10:00.279309 [debug] [Thread-3 (]: On test.sdp.not_null_stg_short_interest_settlement_date.effc405a2a: Close
[0m01:10:00.279646 [info ] [Thread-3 (]: 7 of 31 PASS not_null_stg_short_interest_settlement_date ....................... [[32mPASS[0m in 0.03s]
[0m01:10:00.279941 [debug] [Thread-3 (]: Finished running node test.sdp.not_null_stg_short_interest_settlement_date.effc405a2a
[0m01:10:00.280634 [debug] [Thread-2 (]: On test.sdp.not_null_stg_short_interest_ticker.2296b30bee: ROLLBACK
[0m01:10:00.281007 [debug] [Thread-2 (]: On test.sdp.not_null_stg_short_interest_ticker.2296b30bee: Close
[0m01:10:00.281333 [info ] [Thread-2 (]: 8 of 31 PASS not_null_stg_short_interest_ticker ................................ [[32mPASS[0m in 0.02s]
[0m01:10:00.281603 [debug] [Thread-2 (]: Finished running node test.sdp.not_null_stg_short_interest_ticker.2296b30bee
[0m01:10:00.407720 [debug] [Thread-1 (]: SQL status: OK in 0.263 seconds
[0m01:10:00.408501 [debug] [Thread-1 (]: Using duckdb connection "model.sdp.stg_corporate_actions"
[0m01:10:00.408694 [debug] [Thread-1 (]: On model.sdp.stg_corporate_actions: /* {"app": "dbt", "dbt_version": "1.12.3", "profile_name": "sdp", "target_name": "dev", "node_id": "model.sdp.stg_corporate_actions"} */

    SELECT index_name
    FROM duckdb_indexes()
    WHERE database_name = 'sdp'
      AND schema_name = 'main_staging'
      AND table_name = 'stg_corporate_actions'
  
[0m01:10:00.409185 [debug] [Thread-1 (]: SQL status: OK in 0.000 seconds
[0m01:10:00.410392 [debug] [Thread-1 (]: Using duckdb connection "model.sdp.stg_corporate_actions"
[0m01:10:00.410570 [debug] [Thread-1 (]: On model.sdp.stg_corporate_actions: /* {"app": "dbt", "dbt_version": "1.12.3", "profile_name": "sdp", "target_name": "dev", "node_id": "model.sdp.stg_corporate_actions"} */
alter table "sdp"."main_staging"."stg_corporate_actions" rename to "stg_corporate_actions__dbt_backup"
[0m01:10:00.410865 [debug] [Thread-1 (]: SQL status: OK in 0.000 seconds
[0m01:10:00.412470 [debug] [Thread-1 (]: Using duckdb connection "model.sdp.stg_corporate_actions"
[0m01:10:00.412646 [debug] [Thread-1 (]: On model.sdp.stg_corporate_actions: /* {"app": "dbt", "dbt_version": "1.12.3", "profile_name": "sdp", "target_name": "dev", "node_id": "model.sdp.stg_corporate_actions"} */
alter table "sdp"."main_staging"."stg_corporate_actions__dbt_tmp" rename to "stg_corporate_actions"
[0m01:10:00.412923 [debug] [Thread-1 (]: SQL status: OK in 0.000 seconds
[0m01:10:00.413644 [debug] [Thread-1 (]: On model.sdp.stg_corporate_actions: COMMIT
[0m01:10:00.413813 [debug] [Thread-1 (]: Using duckdb connection "model.sdp.stg_corporate_actions"
[0m01:10:00.413970 [debug] [Thread-1 (]: On model.sdp.stg_corporate_actions: COMMIT
[0m01:10:00.574074 [debug] [Thread-1 (]: SQL status: OK in 0.160 seconds
[0m01:10:00.574979 [debug] [Thread-1 (]: Using duckdb connection "model.sdp.stg_corporate_actions"
[0m01:10:00.575168 [debug] [Thread-1 (]: On model.sdp.stg_corporate_actions: /* {"app": "dbt", "dbt_version": "1.12.3", "profile_name": "sdp", "target_name": "dev", "node_id": "model.sdp.stg_corporate_actions"} */

      drop table if exists "sdp"."main_staging"."stg_corporate_actions__dbt_backup" cascade
    
[0m01:10:00.576060 [debug] [Thread-1 (]: SQL status: OK in 0.001 seconds
[0m01:10:00.577027 [debug] [Thread-1 (]: On model.sdp.stg_corporate_actions: Close
[0m01:10:00.577406 [debug] [Thread-1 (]: Sending event: {'category': 'dbt', 'action': 'run_model', 'label': '85744f2b-af7e-4f72-bb0c-376ee5e1413e', 'context': [<snowplow_tracker.self_describing_json.SelfDescribingJson object at 0x109e550d0>]}
[0m01:10:00.577842 [info ] [Thread-1 (]: 1 of 31 OK created sql table model main_staging.stg_corporate_actions .......... [[32mOK[0m in 0.48s]
[0m01:10:00.578138 [debug] [Thread-1 (]: Finished running node model.sdp.stg_corporate_actions
[0m01:10:00.578656 [debug] [Thread-4 (]: Began running node test.sdp.accepted_values_stg_corporate_actions_kind__split__dividend.2a3807b562
[0m01:10:00.578928 [debug] [Thread-3 (]: Began running node test.sdp.assert_the_aapl_2005_factor_is_correct
[0m01:10:00.579143 [info ] [Thread-4 (]: 9 of 31 START test accepted_values_stg_corporate_actions_kind__split__dividend . [RUN]
[0m01:10:00.579399 [debug] [Thread-2 (]: Began running node test.sdp.assert_the_chained_ratio_reproduces_the_vendor_factor
[0m01:10:00.579647 [info ] [Thread-3 (]: 10 of 31 START test assert_the_aapl_2005_factor_is_correct ..................... [RUN]
[0m01:10:00.579894 [debug] [Thread-1 (]: Began running node test.sdp.not_null_stg_corporate_actions_event_date.50a4f8ae37
[0m01:10:00.580173 [debug] [Thread-4 (]: Re-using an available connection from the pool (formerly test.sdp.not_null_stg_short_interest_days_to_cover_is_censored.0680a58b96, now test.sdp.accepted_values_stg_corporate_actions_kind__split__dividend.2a3807b562)
[0m01:10:00.580423 [info ] [Thread-2 (]: 11 of 31 START test assert_the_chained_ratio_reproduces_the_vendor_factor ...... [RUN]
[0m01:10:00.580703 [debug] [Thread-3 (]: Re-using an available connection from the pool (formerly test.sdp.not_null_stg_short_interest_settlement_date.effc405a2a, now test.sdp.assert_the_aapl_2005_factor_is_correct)
[0m01:10:00.580919 [info ] [Thread-1 (]: 12 of 31 START test not_null_stg_corporate_actions_event_date .................. [RUN]
[0m01:10:00.581150 [debug] [Thread-4 (]: Began compiling node test.sdp.accepted_values_stg_corporate_actions_kind__split__dividend.2a3807b562
[0m01:10:00.581362 [debug] [Thread-2 (]: Re-using an available connection from the pool (formerly test.sdp.not_null_stg_short_interest_ticker.2296b30bee, now test.sdp.assert_the_chained_ratio_reproduces_the_vendor_factor)
[0m01:10:00.581542 [debug] [Thread-3 (]: Began compiling node test.sdp.assert_the_aapl_2005_factor_is_correct
[0m01:10:00.581759 [debug] [Thread-1 (]: Re-using an available connection from the pool (formerly model.sdp.stg_corporate_actions, now test.sdp.not_null_stg_corporate_actions_event_date.50a4f8ae37)
[0m01:10:00.591920 [debug] [Thread-4 (]: Writing injected SQL for node "test.sdp.accepted_values_stg_corporate_actions_kind__split__dividend.2a3807b562"
[0m01:10:00.592130 [debug] [Thread-2 (]: Began compiling node test.sdp.assert_the_chained_ratio_reproduces_the_vendor_factor
[0m01:10:00.592961 [debug] [Thread-3 (]: Writing injected SQL for node "test.sdp.assert_the_aapl_2005_factor_is_correct"
[0m01:10:00.593152 [debug] [Thread-1 (]: Began compiling node test.sdp.not_null_stg_corporate_actions_event_date.50a4f8ae37
[0m01:10:00.594243 [debug] [Thread-2 (]: Writing injected SQL for node "test.sdp.assert_the_chained_ratio_reproduces_the_vendor_factor"
[0m01:10:00.598108 [debug] [Thread-1 (]: Writing injected SQL for node "test.sdp.not_null_stg_corporate_actions_event_date.50a4f8ae37"
[0m01:10:00.598376 [debug] [Thread-4 (]: Began executing node test.sdp.accepted_values_stg_corporate_actions_kind__split__dividend.2a3807b562
[0m01:10:00.598625 [debug] [Thread-3 (]: Began executing node test.sdp.assert_the_aapl_2005_factor_is_correct
[0m01:10:00.599419 [debug] [Thread-4 (]: Writing runtime sql for node "test.sdp.accepted_values_stg_corporate_actions_kind__split__dividend.2a3807b562"
[0m01:10:00.600203 [debug] [Thread-3 (]: Writing runtime sql for node "test.sdp.assert_the_aapl_2005_factor_is_correct"
[0m01:10:00.600410 [debug] [Thread-2 (]: Began executing node test.sdp.assert_the_chained_ratio_reproduces_the_vendor_factor
[0m01:10:00.600647 [debug] [Thread-1 (]: Began executing node test.sdp.not_null_stg_corporate_actions_event_date.50a4f8ae37
[0m01:10:00.601439 [debug] [Thread-2 (]: Writing runtime sql for node "test.sdp.assert_the_chained_ratio_reproduces_the_vendor_factor"
[0m01:10:00.601673 [debug] [Thread-4 (]: Using duckdb connection "test.sdp.accepted_values_stg_corporate_actions_kind__split__dividend.2a3807b562"
[0m01:10:00.602374 [debug] [Thread-1 (]: Writing runtime sql for node "test.sdp.not_null_stg_corporate_actions_event_date.50a4f8ae37"
[0m01:10:00.602629 [debug] [Thread-3 (]: Using duckdb connection "test.sdp.assert_the_aapl_2005_factor_is_correct"
[0m01:10:00.602813 [debug] [Thread-4 (]: On test.sdp.accepted_values_stg_corporate_actions_kind__split__dividend.2a3807b562: BEGIN
[0m01:10:00.603050 [debug] [Thread-2 (]: Using duckdb connection "test.sdp.assert_the_chained_ratio_reproduces_the_vendor_factor"
[0m01:10:00.603236 [debug] [Thread-3 (]: On test.sdp.assert_the_aapl_2005_factor_is_correct: BEGIN
[0m01:10:00.603496 [debug] [Thread-4 (]: Opening a new connection, currently in state closed
[0m01:10:00.603683 [debug] [Thread-2 (]: On test.sdp.assert_the_chained_ratio_reproduces_the_vendor_factor: BEGIN
[0m01:10:00.603878 [debug] [Thread-1 (]: Using duckdb connection "test.sdp.not_null_stg_corporate_actions_event_date.50a4f8ae37"
[0m01:10:00.604037 [debug] [Thread-3 (]: Opening a new connection, currently in state closed
[0m01:10:00.604300 [debug] [Thread-2 (]: Opening a new connection, currently in state closed
[0m01:10:00.604476 [debug] [Thread-1 (]: On test.sdp.not_null_stg_corporate_actions_event_date.50a4f8ae37: BEGIN
[0m01:10:00.604654 [debug] [Thread-4 (]: SQL status: OK in 0.001 seconds
[0m01:10:00.604929 [debug] [Thread-1 (]: Opening a new connection, currently in state closed
[0m01:10:00.605111 [debug] [Thread-3 (]: SQL status: OK in 0.001 seconds
[0m01:10:00.605277 [debug] [Thread-4 (]: Using duckdb connection "test.sdp.accepted_values_stg_corporate_actions_kind__split__dividend.2a3807b562"
[0m01:10:00.605443 [debug] [Thread-2 (]: SQL status: OK in 0.001 seconds
[0m01:10:00.605653 [debug] [Thread-3 (]: Using duckdb connection "test.sdp.assert_the_aapl_2005_factor_is_correct"
[0m01:10:00.605839 [debug] [Thread-4 (]: On test.sdp.accepted_values_stg_corporate_actions_kind__split__dividend.2a3807b562: /* {"app": "dbt", "dbt_version": "1.12.3", "profile_name": "sdp", "target_name": "dev", "node_id": "test.sdp.accepted_values_stg_corporate_actions_kind__split__dividend.2a3807b562"} */

    
    select
      count(*) as failures,
      count(*) != 0 as should_warn,
      count(*) != 0 as should_error
    from (
      
    
  
    
    

with all_values as (

    select
        kind as value_field,
        count(*) as n_records

    from "sdp"."main_staging"."stg_corporate_actions"
    group by kind

)

select *
from all_values
where value_field not in (
    'split','dividend'
)



  
  
      
    ) dbt_internal_test
[0m01:10:00.606027 [debug] [Thread-1 (]: SQL status: OK in 0.001 seconds
[0m01:10:00.606189 [debug] [Thread-2 (]: Using duckdb connection "test.sdp.assert_the_chained_ratio_reproduces_the_vendor_factor"
[0m01:10:00.606374 [debug] [Thread-3 (]: On test.sdp.assert_the_aapl_2005_factor_is_correct: /* {"app": "dbt", "dbt_version": "1.12.3", "profile_name": "sdp", "target_name": "dev", "node_id": "test.sdp.assert_the_aapl_2005_factor_is_correct"} */

    
    select
      count(*) as failures,
      count(*) != 0 as should_warn,
      count(*) != 0 as should_error
    from (
      
    
  -- The named check. The 2-for-1 split of AAPL on 2005-02-28 has factor 0.017857,
-- which is 1/56, that is 1/2 x 1/7 x 1/4 compounded with the splits of 2014 and
-- of 2020. If this number does not appear, the cumulative semantics are wrong.
select *
from "sdp"."main_staging"."stg_corporate_actions"
where ticker = 'AAPL'
  and kind = 'split'
  and event_date = date '2005-02-28'
  and (abs(factor - 0.017857) > 5e-7 or abs(factor_chained_check - 1.0/56.0) > 1e-9)
  
  
      
    ) dbt_internal_test
[0m01:10:00.606640 [debug] [Thread-1 (]: Using duckdb connection "test.sdp.not_null_stg_corporate_actions_event_date.50a4f8ae37"
[0m01:10:00.606843 [debug] [Thread-2 (]: On test.sdp.assert_the_chained_ratio_reproduces_the_vendor_factor: /* {"app": "dbt", "dbt_version": "1.12.3", "profile_name": "sdp", "target_name": "dev", "node_id": "test.sdp.assert_the_chained_ratio_reproduces_the_vendor_factor"} */

    
    select
      count(*) as failures,
      count(*) != 0 as should_warn,
      count(*) != 0 as should_error
    from (
      
    
  -- The vendor factor is cumulative and it includes the event itself. The product
-- of split_from/split_to over every event at or after this one must reproduce it.
-- The vendor rounds the factor to six decimal places.
-- A collapsed event has more than one ratio for one date. The factor is
-- cumulative, so that ambiguity travels backwards through every earlier event of
-- the same ticker. Those events are out of scope. The exposure is measurable in
-- the column has_collapsed_at_or_after.
select ticker, event_date, factor, factor_chained_check,
       abs(factor - factor_chained_check) as diff
from "sdp"."main_staging"."stg_corporate_actions"
where kind = 'split'
  and not has_collapsed_at_or_after
  and abs(factor - factor_chained_check) > 1e-6 * greatest(factor, 1.0)
  
  
      
    ) dbt_internal_test
[0m01:10:00.607447 [debug] [Thread-1 (]: On test.sdp.not_null_stg_corporate_actions_event_date.50a4f8ae37: /* {"app": "dbt", "dbt_version": "1.12.3", "profile_name": "sdp", "target_name": "dev", "node_id": "test.sdp.not_null_stg_corporate_actions_event_date.50a4f8ae37"} */

    
    select
      count(*) as failures,
      count(*) != 0 as should_warn,
      count(*) != 0 as should_error
    from (
      
    
  
    
    



select event_date
from "sdp"."main_staging"."stg_corporate_actions"
where event_date is null



  
  
      
    ) dbt_internal_test
[0m01:10:00.607878 [debug] [Thread-4 (]: SQL status: OK in 0.001 seconds
[0m01:10:00.608157 [debug] [Thread-3 (]: SQL status: OK in 0.001 seconds
[0m01:10:00.609169 [debug] [Thread-4 (]: On test.sdp.accepted_values_stg_corporate_actions_kind__split__dividend.2a3807b562: ROLLBACK
[0m01:10:00.609924 [debug] [Thread-3 (]: On test.sdp.assert_the_aapl_2005_factor_is_correct: ROLLBACK
[0m01:10:00.610182 [debug] [Thread-1 (]: SQL status: OK in 0.002 seconds
[0m01:10:00.610392 [debug] [Thread-2 (]: SQL status: OK in 0.002 seconds
[0m01:10:00.610650 [debug] [Thread-4 (]: On test.sdp.accepted_values_stg_corporate_actions_kind__split__dividend.2a3807b562: Close
[0m01:10:00.610871 [debug] [Thread-3 (]: On test.sdp.assert_the_aapl_2005_factor_is_correct: Close
[0m01:10:00.611703 [debug] [Thread-1 (]: On test.sdp.not_null_stg_corporate_actions_event_date.50a4f8ae37: ROLLBACK
[0m01:10:00.612480 [debug] [Thread-2 (]: On test.sdp.assert_the_chained_ratio_reproduces_the_vendor_factor: ROLLBACK
[0m01:10:00.612801 [info ] [Thread-4 (]: 9 of 31 PASS accepted_values_stg_corporate_actions_kind__split__dividend ....... [[32mPASS[0m in 0.03s]
[0m01:10:00.613114 [info ] [Thread-3 (]: 10 of 31 PASS assert_the_aapl_2005_factor_is_correct ........................... [[32mPASS[0m in 0.03s]
[0m01:10:00.613501 [debug] [Thread-4 (]: Finished running node test.sdp.accepted_values_stg_corporate_actions_kind__split__dividend.2a3807b562
[0m01:10:00.613704 [debug] [Thread-1 (]: On test.sdp.not_null_stg_corporate_actions_event_date.50a4f8ae37: Close
[0m01:10:00.613897 [debug] [Thread-2 (]: On test.sdp.assert_the_chained_ratio_reproduces_the_vendor_factor: Close
[0m01:10:00.614148 [debug] [Thread-3 (]: Finished running node test.sdp.assert_the_aapl_2005_factor_is_correct
[0m01:10:00.614345 [debug] [Thread-4 (]: Began running node test.sdp.not_null_stg_corporate_actions_kind.6aef7b1a56
[0m01:10:00.614661 [info ] [Thread-1 (]: 12 of 31 PASS not_null_stg_corporate_actions_event_date ........................ [[32mPASS[0m in 0.03s]
[0m01:10:00.615124 [debug] [Thread-3 (]: Began running node test.sdp.not_null_stg_corporate_actions_ticker.2d46b6edd6
[0m01:10:00.614963 [info ] [Thread-2 (]: 11 of 31 PASS assert_the_chained_ratio_reproduces_the_vendor_factor ............ [[32mPASS[0m in 0.03s]
[0m01:10:00.615364 [info ] [Thread-4 (]: 13 of 31 START test not_null_stg_corporate_actions_kind ........................ [RUN]
[0m01:10:00.615627 [debug] [Thread-1 (]: Finished running node test.sdp.not_null_stg_corporate_actions_event_date.50a4f8ae37
[0m01:10:00.615800 [info ] [Thread-3 (]: 14 of 31 START test not_null_stg_corporate_actions_ticker ...................... [RUN]
[0m01:10:00.616051 [debug] [Thread-2 (]: Finished running node test.sdp.assert_the_chained_ratio_reproduces_the_vendor_factor
[0m01:10:00.616256 [debug] [Thread-4 (]: Re-using an available connection from the pool (formerly test.sdp.accepted_values_stg_corporate_actions_kind__split__dividend.2a3807b562, now test.sdp.not_null_stg_corporate_actions_kind.6aef7b1a56)
[0m01:10:00.616495 [debug] [Thread-3 (]: Re-using an available connection from the pool (formerly test.sdp.assert_the_aapl_2005_factor_is_correct, now test.sdp.not_null_stg_corporate_actions_ticker.2d46b6edd6)
[0m01:10:00.616709 [debug] [Thread-4 (]: Began compiling node test.sdp.not_null_stg_corporate_actions_kind.6aef7b1a56
[0m01:10:00.616904 [debug] [Thread-3 (]: Began compiling node test.sdp.not_null_stg_corporate_actions_ticker.2d46b6edd6
[0m01:10:00.620417 [debug] [Thread-4 (]: Writing injected SQL for node "test.sdp.not_null_stg_corporate_actions_kind.6aef7b1a56"
[0m01:10:00.623738 [debug] [Thread-3 (]: Writing injected SQL for node "test.sdp.not_null_stg_corporate_actions_ticker.2d46b6edd6"
[0m01:10:00.624132 [debug] [Thread-4 (]: Began executing node test.sdp.not_null_stg_corporate_actions_kind.6aef7b1a56
[0m01:10:00.624324 [debug] [Thread-3 (]: Began executing node test.sdp.not_null_stg_corporate_actions_ticker.2d46b6edd6
[0m01:10:00.625058 [debug] [Thread-4 (]: Writing runtime sql for node "test.sdp.not_null_stg_corporate_actions_kind.6aef7b1a56"
[0m01:10:00.626217 [debug] [Thread-3 (]: Writing runtime sql for node "test.sdp.not_null_stg_corporate_actions_ticker.2d46b6edd6"
[0m01:10:00.626543 [debug] [Thread-4 (]: Using duckdb connection "test.sdp.not_null_stg_corporate_actions_kind.6aef7b1a56"
[0m01:10:00.626722 [debug] [Thread-4 (]: On test.sdp.not_null_stg_corporate_actions_kind.6aef7b1a56: BEGIN
[0m01:10:00.626915 [debug] [Thread-3 (]: Using duckdb connection "test.sdp.not_null_stg_corporate_actions_ticker.2d46b6edd6"
[0m01:10:00.627088 [debug] [Thread-4 (]: Opening a new connection, currently in state closed
[0m01:10:00.627254 [debug] [Thread-3 (]: On test.sdp.not_null_stg_corporate_actions_ticker.2d46b6edd6: BEGIN
[0m01:10:00.627497 [debug] [Thread-3 (]: Opening a new connection, currently in state closed
[0m01:10:00.627717 [debug] [Thread-4 (]: SQL status: OK in 0.001 seconds
[0m01:10:00.627886 [debug] [Thread-4 (]: Using duckdb connection "test.sdp.not_null_stg_corporate_actions_kind.6aef7b1a56"
[0m01:10:00.628049 [debug] [Thread-3 (]: SQL status: OK in 0.001 seconds
[0m01:10:00.628216 [debug] [Thread-4 (]: On test.sdp.not_null_stg_corporate_actions_kind.6aef7b1a56: /* {"app": "dbt", "dbt_version": "1.12.3", "profile_name": "sdp", "target_name": "dev", "node_id": "test.sdp.not_null_stg_corporate_actions_kind.6aef7b1a56"} */

    
    select
      count(*) as failures,
      count(*) != 0 as should_warn,
      count(*) != 0 as should_error
    from (
      
    
  
    
    



select kind
from "sdp"."main_staging"."stg_corporate_actions"
where kind is null



  
  
      
    ) dbt_internal_test
[0m01:10:00.628388 [debug] [Thread-3 (]: Using duckdb connection "test.sdp.not_null_stg_corporate_actions_ticker.2d46b6edd6"
[0m01:10:00.628610 [debug] [Thread-3 (]: On test.sdp.not_null_stg_corporate_actions_ticker.2d46b6edd6: /* {"app": "dbt", "dbt_version": "1.12.3", "profile_name": "sdp", "target_name": "dev", "node_id": "test.sdp.not_null_stg_corporate_actions_ticker.2d46b6edd6"} */

    
    select
      count(*) as failures,
      count(*) != 0 as should_warn,
      count(*) != 0 as should_error
    from (
      
    
  
    
    



select ticker
from "sdp"."main_staging"."stg_corporate_actions"
where ticker is null



  
  
      
    ) dbt_internal_test
[0m01:10:00.628885 [debug] [Thread-4 (]: SQL status: OK in 0.000 seconds
[0m01:10:00.629121 [debug] [Thread-3 (]: SQL status: OK in 0.000 seconds
[0m01:10:00.629889 [debug] [Thread-4 (]: On test.sdp.not_null_stg_corporate_actions_kind.6aef7b1a56: ROLLBACK
[0m01:10:00.630599 [debug] [Thread-3 (]: On test.sdp.not_null_stg_corporate_actions_ticker.2d46b6edd6: ROLLBACK
[0m01:10:00.630871 [debug] [Thread-4 (]: On test.sdp.not_null_stg_corporate_actions_kind.6aef7b1a56: Close
[0m01:10:00.631057 [debug] [Thread-3 (]: On test.sdp.not_null_stg_corporate_actions_ticker.2d46b6edd6: Close
[0m01:10:00.631353 [info ] [Thread-4 (]: 13 of 31 PASS not_null_stg_corporate_actions_kind .............................. [[32mPASS[0m in 0.02s]
[0m01:10:00.631880 [debug] [Thread-4 (]: Finished running node test.sdp.not_null_stg_corporate_actions_kind.6aef7b1a56
[0m01:10:00.631661 [info ] [Thread-3 (]: 14 of 31 PASS not_null_stg_corporate_actions_ticker ............................ [[32mPASS[0m in 0.02s]
[0m01:10:00.632216 [debug] [Thread-3 (]: Finished running node test.sdp.not_null_stg_corporate_actions_ticker.2d46b6edd6
[0m01:10:00.632521 [debug] [Thread-1 (]: Began running node model.sdp.stg_prices_adjusted
[0m01:10:00.632753 [info ] [Thread-1 (]: 15 of 31 START sql table model main_staging.stg_prices_adjusted ................ [RUN]
[0m01:10:00.632987 [debug] [Thread-1 (]: Re-using an available connection from the pool (formerly test.sdp.not_null_stg_corporate_actions_event_date.50a4f8ae37, now model.sdp.stg_prices_adjusted)
[0m01:10:00.633173 [debug] [Thread-1 (]: Began compiling node model.sdp.stg_prices_adjusted
[0m01:10:00.634706 [debug] [Thread-1 (]: Writing injected SQL for node "model.sdp.stg_prices_adjusted"
[0m01:10:00.635010 [debug] [Thread-1 (]: Began executing node model.sdp.stg_prices_adjusted
[0m01:10:00.636399 [debug] [Thread-1 (]: Writing runtime sql for node "model.sdp.stg_prices_adjusted"
[0m01:10:00.636697 [debug] [Thread-1 (]: Using duckdb connection "model.sdp.stg_prices_adjusted"
[0m01:10:00.636872 [debug] [Thread-1 (]: On model.sdp.stg_prices_adjusted: BEGIN
[0m01:10:00.637033 [debug] [Thread-1 (]: Opening a new connection, currently in state closed
[0m01:10:00.637289 [debug] [Thread-1 (]: SQL status: OK in 0.000 seconds
[0m01:10:00.637449 [debug] [Thread-1 (]: Using duckdb connection "model.sdp.stg_prices_adjusted"
[0m01:10:00.637672 [debug] [Thread-1 (]: On model.sdp.stg_prices_adjusted: /* {"app": "dbt", "dbt_version": "1.12.3", "profile_name": "sdp", "target_name": "dev", "node_id": "model.sdp.stg_prices_adjusted"} */

    

    create  table
      "sdp"."main_staging"."stg_prices_adjusted__dbt_tmp"
  
    
    as (
      

with bars as (

    select
        ticker,
        cast(date as date)  as date,
        open, high, low, close, volume, transactions
    from read_parquet(
        '/Users/aray/strategic-data-platform/data/raw/us_stocks_day_aggs/date=*/data.parquet',
        hive_partitioning = true
    )
    where ticker is not null


), panel_end as (

    select max(date) as last_bar_date from bars

), splits as (

    select ticker, event_date, factor, is_collapsed
    from "sdp"."main_staging"."stg_corporate_actions"
    where kind = 'split'
      and event_date <= (select last_bar_date from panel_end)

), dividends as (

    select ticker, event_date, factor, is_collapsed
    from "sdp"."main_staging"."stg_corporate_actions"
    where kind = 'dividend'
      and event_date <= (select last_bar_date from panel_end)

), with_split as (

    select
        b.*,
        s.event_date    as next_split_date,
        s.factor        as next_split_factor,
        s.is_collapsed  as split_is_collapsed
    from bars b
    asof left join splits s
      on b.ticker = s.ticker
     and b.date < s.event_date

), with_both as (

    select
        w.*,
        d.event_date    as next_dividend_date,
        d.factor        as next_dividend_factor,
        d.is_collapsed  as dividend_is_collapsed
    from with_split w
    asof left join dividends d
      on w.ticker = d.ticker
     and w.date < d.event_date

), factors as (

    select
        *,
        
        case when next_split_date is null then 1.0 else next_split_factor end
            as split_factor,
        case when next_dividend_date is null then 1.0 else next_dividend_factor end
            as dividend_factor
    from with_both

)

select
    ticker,
    date,

    -- The unadjusted price. A price floor screens on the price at which the stock
    -- traded, and not on a value that a later event restated.
    open, high, low, close, volume, transactions,
    close * volume                              as dollar_volume,

    split_factor,
    dividend_factor,
    split_factor * dividend_factor              as total_factor,

    -- Mechanical and complete.
    open  * split_factor                        as adj_open_split,
    high  * split_factor                        as adj_high_split,
    low   * split_factor                        as adj_low_split,
    close * split_factor                        as adj_close_split,
    volume / split_factor                       as adj_volume,

    -- The default column. It is null where the dividend factor is unknown.
    close * split_factor * dividend_factor      as adj_close_total,

    next_split_date,
    next_dividend_date,
    coalesce(split_is_collapsed, false)
        or coalesce(dividend_is_collapsed, false)  as factor_from_collapsed_event

from factors
    );
    
  
[0m01:10:00.724872 [debug] [Thread-1 (]: SQL status: OK in 0.087 seconds
[0m01:10:00.725614 [debug] [Thread-1 (]: Using duckdb connection "model.sdp.stg_prices_adjusted"
[0m01:10:00.725804 [debug] [Thread-1 (]: On model.sdp.stg_prices_adjusted: /* {"app": "dbt", "dbt_version": "1.12.3", "profile_name": "sdp", "target_name": "dev", "node_id": "model.sdp.stg_prices_adjusted"} */

    SELECT index_name
    FROM duckdb_indexes()
    WHERE database_name = 'sdp'
      AND schema_name = 'main_staging'
      AND table_name = 'stg_prices_adjusted'
  
[0m01:10:00.726345 [debug] [Thread-1 (]: SQL status: OK in 0.000 seconds
[0m01:10:00.727734 [debug] [Thread-1 (]: Using duckdb connection "model.sdp.stg_prices_adjusted"
[0m01:10:00.727931 [debug] [Thread-1 (]: On model.sdp.stg_prices_adjusted: /* {"app": "dbt", "dbt_version": "1.12.3", "profile_name": "sdp", "target_name": "dev", "node_id": "model.sdp.stg_prices_adjusted"} */
alter table "sdp"."main_staging"."stg_prices_adjusted" rename to "stg_prices_adjusted__dbt_backup"
[0m01:10:00.728272 [debug] [Thread-1 (]: SQL status: OK in 0.000 seconds
[0m01:10:00.729280 [debug] [Thread-1 (]: Using duckdb connection "model.sdp.stg_prices_adjusted"
[0m01:10:00.729457 [debug] [Thread-1 (]: On model.sdp.stg_prices_adjusted: /* {"app": "dbt", "dbt_version": "1.12.3", "profile_name": "sdp", "target_name": "dev", "node_id": "model.sdp.stg_prices_adjusted"} */
alter table "sdp"."main_staging"."stg_prices_adjusted__dbt_tmp" rename to "stg_prices_adjusted"
[0m01:10:00.729738 [debug] [Thread-1 (]: SQL status: OK in 0.000 seconds
[0m01:10:00.730485 [debug] [Thread-1 (]: On model.sdp.stg_prices_adjusted: COMMIT
[0m01:10:00.730663 [debug] [Thread-1 (]: Using duckdb connection "model.sdp.stg_prices_adjusted"
[0m01:10:00.730817 [debug] [Thread-1 (]: On model.sdp.stg_prices_adjusted: COMMIT
[0m01:10:00.811686 [debug] [Thread-1 (]: SQL status: OK in 0.081 seconds
[0m01:10:00.812602 [debug] [Thread-1 (]: Using duckdb connection "model.sdp.stg_prices_adjusted"
[0m01:10:00.812796 [debug] [Thread-1 (]: On model.sdp.stg_prices_adjusted: /* {"app": "dbt", "dbt_version": "1.12.3", "profile_name": "sdp", "target_name": "dev", "node_id": "model.sdp.stg_prices_adjusted"} */

      drop table if exists "sdp"."main_staging"."stg_prices_adjusted__dbt_backup" cascade
    
[0m01:10:00.813408 [debug] [Thread-1 (]: SQL status: OK in 0.000 seconds
[0m01:10:00.814120 [debug] [Thread-1 (]: On model.sdp.stg_prices_adjusted: Close
[0m01:10:00.814433 [debug] [Thread-1 (]: Sending event: {'category': 'dbt', 'action': 'run_model', 'label': '85744f2b-af7e-4f72-bb0c-376ee5e1413e', 'context': [<snowplow_tracker.self_describing_json.SelfDescribingJson object at 0x109e51c10>]}
[0m01:10:00.814753 [info ] [Thread-1 (]: 15 of 31 OK created sql table model main_staging.stg_prices_adjusted ........... [[32mOK[0m in 0.18s]
[0m01:10:00.815026 [debug] [Thread-1 (]: Finished running node model.sdp.stg_prices_adjusted
[0m01:10:00.815445 [debug] [Thread-4 (]: Began running node test.sdp.assert_a_name_with_no_action_is_unadjusted
[0m01:10:00.815654 [debug] [Thread-3 (]: Began running node test.sdp.assert_adjustment_removes_the_split_jump
[0m01:10:00.816009 [debug] [Thread-2 (]: Began running node test.sdp.assert_an_unknown_dividend_factor_is_not_one
[0m01:10:00.816202 [debug] [Thread-1 (]: Began running node test.sdp.assert_prices_have_one_row_for_each_key
[0m01:10:00.815855 [info ] [Thread-4 (]: 16 of 31 START test assert_a_name_with_no_action_is_unadjusted ................. [RUN]
[0m01:10:00.816423 [info ] [Thread-3 (]: 17 of 31 START test assert_adjustment_removes_the_split_jump ................... [RUN]
[0m01:10:00.816622 [info ] [Thread-2 (]: 18 of 31 START test assert_an_unknown_dividend_factor_is_not_one ............... [RUN]
[0m01:10:00.816810 [info ] [Thread-1 (]: 19 of 31 START test assert_prices_have_one_row_for_each_key .................... [RUN]
[0m01:10:00.817047 [debug] [Thread-4 (]: Re-using an available connection from the pool (formerly test.sdp.not_null_stg_corporate_actions_kind.6aef7b1a56, now test.sdp.assert_a_name_with_no_action_is_unadjusted)
[0m01:10:00.817267 [debug] [Thread-3 (]: Re-using an available connection from the pool (formerly test.sdp.not_null_stg_corporate_actions_ticker.2d46b6edd6, now test.sdp.assert_adjustment_removes_the_split_jump)
[0m01:10:00.817467 [debug] [Thread-2 (]: Re-using an available connection from the pool (formerly test.sdp.assert_the_chained_ratio_reproduces_the_vendor_factor, now test.sdp.assert_an_unknown_dividend_factor_is_not_one)
[0m01:10:00.817661 [debug] [Thread-1 (]: Re-using an available connection from the pool (formerly model.sdp.stg_prices_adjusted, now test.sdp.assert_prices_have_one_row_for_each_key)
[0m01:10:00.817833 [debug] [Thread-4 (]: Began compiling node test.sdp.assert_a_name_with_no_action_is_unadjusted
[0m01:10:00.818008 [debug] [Thread-3 (]: Began compiling node test.sdp.assert_adjustment_removes_the_split_jump
[0m01:10:00.818175 [debug] [Thread-2 (]: Began compiling node test.sdp.assert_an_unknown_dividend_factor_is_not_one
[0m01:10:00.818336 [debug] [Thread-1 (]: Began compiling node test.sdp.assert_prices_have_one_row_for_each_key
[0m01:10:00.819407 [debug] [Thread-4 (]: Writing injected SQL for node "test.sdp.assert_a_name_with_no_action_is_unadjusted"
[0m01:10:00.820541 [debug] [Thread-3 (]: Writing injected SQL for node "test.sdp.assert_adjustment_removes_the_split_jump"
[0m01:10:00.821462 [debug] [Thread-2 (]: Writing injected SQL for node "test.sdp.assert_an_unknown_dividend_factor_is_not_one"
[0m01:10:00.822365 [debug] [Thread-1 (]: Writing injected SQL for node "test.sdp.assert_prices_have_one_row_for_each_key"
[0m01:10:00.822830 [debug] [Thread-3 (]: Began executing node test.sdp.assert_adjustment_removes_the_split_jump
[0m01:10:00.823654 [debug] [Thread-3 (]: Writing runtime sql for node "test.sdp.assert_adjustment_removes_the_split_jump"
[0m01:10:00.823861 [debug] [Thread-2 (]: Began executing node test.sdp.assert_an_unknown_dividend_factor_is_not_one
[0m01:10:00.824041 [debug] [Thread-1 (]: Began executing node test.sdp.assert_prices_have_one_row_for_each_key
[0m01:10:00.824242 [debug] [Thread-4 (]: Began executing node test.sdp.assert_a_name_with_no_action_is_unadjusted
[0m01:10:00.824965 [debug] [Thread-2 (]: Writing runtime sql for node "test.sdp.assert_an_unknown_dividend_factor_is_not_one"
[0m01:10:00.825745 [debug] [Thread-1 (]: Writing runtime sql for node "test.sdp.assert_prices_have_one_row_for_each_key"
[0m01:10:00.826491 [debug] [Thread-4 (]: Writing runtime sql for node "test.sdp.assert_a_name_with_no_action_is_unadjusted"
[0m01:10:00.826706 [debug] [Thread-3 (]: Using duckdb connection "test.sdp.assert_adjustment_removes_the_split_jump"
[0m01:10:00.827004 [debug] [Thread-3 (]: On test.sdp.assert_adjustment_removes_the_split_jump: BEGIN
[0m01:10:00.827175 [debug] [Thread-3 (]: Opening a new connection, currently in state closed
[0m01:10:00.827483 [debug] [Thread-2 (]: Using duckdb connection "test.sdp.assert_an_unknown_dividend_factor_is_not_one"
[0m01:10:00.827677 [debug] [Thread-1 (]: Using duckdb connection "test.sdp.assert_prices_have_one_row_for_each_key"
[0m01:10:00.827872 [debug] [Thread-2 (]: On test.sdp.assert_an_unknown_dividend_factor_is_not_one: BEGIN
[0m01:10:00.828093 [debug] [Thread-4 (]: Using duckdb connection "test.sdp.assert_a_name_with_no_action_is_unadjusted"
[0m01:10:00.828265 [debug] [Thread-3 (]: SQL status: OK in 0.001 seconds
[0m01:10:00.828432 [debug] [Thread-1 (]: On test.sdp.assert_prices_have_one_row_for_each_key: BEGIN
[0m01:10:00.828590 [debug] [Thread-2 (]: Opening a new connection, currently in state closed
[0m01:10:00.828771 [debug] [Thread-4 (]: On test.sdp.assert_a_name_with_no_action_is_unadjusted: BEGIN
[0m01:10:00.828939 [debug] [Thread-3 (]: Using duckdb connection "test.sdp.assert_adjustment_removes_the_split_jump"
[0m01:10:00.829100 [debug] [Thread-1 (]: Opening a new connection, currently in state closed
[0m01:10:00.829329 [debug] [Thread-4 (]: Opening a new connection, currently in state closed
[0m01:10:00.829535 [debug] [Thread-3 (]: On test.sdp.assert_adjustment_removes_the_split_jump: /* {"app": "dbt", "dbt_version": "1.12.3", "profile_name": "sdp", "target_name": "dev", "node_id": "test.sdp.assert_adjustment_removes_the_split_jump"} */

    
    select
      count(*) as failures,
      count(*) != 0 as should_warn,
      count(*) != 0 as should_error
    from (
      
    
  -- The strongest statement about the boundary. Across a split, the unadjusted
-- series has a very large false return and the adjusted series does not.
-- An error of one day makes the adjusted count equal to or larger than the
-- unadjusted count. This test cannot fire on unusual data, because it compares
-- two counts on the same rows.
with steps as (
    select
        ticker,
        date,
        close,
        adj_close_split,
        lag(close)           over w as prev_close,
        lag(adj_close_split) over w as prev_adj,
        lag(date)            over w as prev_date
    from "sdp"."main_staging"."stg_prices_adjusted"
    window w as (partition by ticker order by date)
), boundaries as (
    select s.*
    from steps s
    join "sdp"."main_staging"."stg_corporate_actions" a
      on a.ticker = s.ticker
     and a.kind = 'split'
     and a.event_date > s.prev_date
     and a.event_date <= s.date
    where s.prev_close > 0 and s.prev_adj > 0
), counted as (
    select
        count(*) filter (abs(ln(close / prev_close))                 > ln(2)) as raw_jumps,
        count(*) filter (abs(ln(adj_close_split / prev_adj))         > ln(2)) as adj_jumps
    from boundaries
)
select * from counted where adj_jumps >= raw_jumps
  
  
      
    ) dbt_internal_test
[0m01:10:00.829745 [debug] [Thread-2 (]: SQL status: OK in 0.001 seconds
[0m01:10:00.830140 [debug] [Thread-1 (]: SQL status: OK in 0.001 seconds
[0m01:10:00.830316 [debug] [Thread-2 (]: Using duckdb connection "test.sdp.assert_an_unknown_dividend_factor_is_not_one"
[0m01:10:00.830484 [debug] [Thread-1 (]: Using duckdb connection "test.sdp.assert_prices_have_one_row_for_each_key"
[0m01:10:00.830645 [debug] [Thread-4 (]: SQL status: OK in 0.001 seconds
[0m01:10:00.830837 [debug] [Thread-2 (]: On test.sdp.assert_an_unknown_dividend_factor_is_not_one: /* {"app": "dbt", "dbt_version": "1.12.3", "profile_name": "sdp", "target_name": "dev", "node_id": "test.sdp.assert_an_unknown_dividend_factor_is_not_one"} */

    
    select
      count(*) as failures,
      count(*) != 0 as should_warn,
      count(*) != 0 as should_error
    from (
      
    
  -- A later dividend whose factor is null means the factor is unknown. Unknown is
-- not 1.0. adj_close_total must be null on those rows and not equal to the
-- split-adjusted price.
select ticker, date, next_dividend_date, dividend_factor, adj_close_total
from "sdp"."main_staging"."stg_prices_adjusted"
where next_dividend_date is not null
  and dividend_factor is null
  and adj_close_total is not null
  
  
      
    ) dbt_internal_test
[0m01:10:00.831054 [debug] [Thread-1 (]: On test.sdp.assert_prices_have_one_row_for_each_key: /* {"app": "dbt", "dbt_version": "1.12.3", "profile_name": "sdp", "target_name": "dev", "node_id": "test.sdp.assert_prices_have_one_row_for_each_key"} */

    
    select
      count(*) as failures,
      count(*) != 0 as should_warn,
      count(*) != 0 as should_error
    from (
      
    
  -- A duplicate (ticker, date) means the as-of join made one price into two, which
-- happens when two corporate actions share a ticker and a date. The model must
-- collapse them before the join.
select ticker, date, count(*) as n
from "sdp"."main_staging"."stg_prices_adjusted"
group by 1, 2
having count(*) > 1
  
  
      
    ) dbt_internal_test
[0m01:10:00.831475 [debug] [Thread-4 (]: Using duckdb connection "test.sdp.assert_a_name_with_no_action_is_unadjusted"
[0m01:10:00.832227 [debug] [Thread-4 (]: On test.sdp.assert_a_name_with_no_action_is_unadjusted: /* {"app": "dbt", "dbt_version": "1.12.3", "profile_name": "sdp", "target_name": "dev", "node_id": "test.sdp.assert_a_name_with_no_action_is_unadjusted"} */

    
    select
      count(*) as failures,
      count(*) != 0 as should_warn,
      count(*) != 0 as should_error
    from (
      
    
  select ticker, date, close, adj_close_split, adj_close_total
from "sdp"."main_staging"."stg_prices_adjusted"
where next_split_date is null
  and next_dividend_date is null
  and (adj_close_split <> close or adj_close_total is distinct from close)
  
  
      
    ) dbt_internal_test
[0m01:10:00.832770 [debug] [Thread-2 (]: SQL status: OK in 0.001 seconds
[0m01:10:00.833777 [debug] [Thread-2 (]: On test.sdp.assert_an_unknown_dividend_factor_is_not_one: ROLLBACK
[0m01:10:00.834807 [debug] [Thread-2 (]: On test.sdp.assert_an_unknown_dividend_factor_is_not_one: Close
[0m01:10:00.835214 [info ] [Thread-2 (]: 18 of 31 PASS assert_an_unknown_dividend_factor_is_not_one ..................... [[32mPASS[0m in 0.02s]
[0m01:10:00.835532 [debug] [Thread-2 (]: Finished running node test.sdp.assert_an_unknown_dividend_factor_is_not_one
[0m01:10:00.835751 [debug] [Thread-2 (]: Began running node test.sdp.assert_the_factors_multiply
[0m01:10:00.836166 [info ] [Thread-2 (]: 20 of 31 START test assert_the_factors_multiply ................................ [RUN]
[0m01:10:00.836436 [debug] [Thread-2 (]: Re-using an available connection from the pool (formerly test.sdp.assert_an_unknown_dividend_factor_is_not_one, now test.sdp.assert_the_factors_multiply)
[0m01:10:00.836633 [debug] [Thread-2 (]: Began compiling node test.sdp.assert_the_factors_multiply
[0m01:10:00.837710 [debug] [Thread-2 (]: Writing injected SQL for node "test.sdp.assert_the_factors_multiply"
[0m01:10:00.838242 [debug] [Thread-4 (]: SQL status: OK in 0.006 seconds
[0m01:10:00.839160 [debug] [Thread-4 (]: On test.sdp.assert_a_name_with_no_action_is_unadjusted: ROLLBACK
[0m01:10:00.839982 [debug] [Thread-4 (]: On test.sdp.assert_a_name_with_no_action_is_unadjusted: Close
[0m01:10:00.840451 [debug] [Thread-2 (]: Began executing node test.sdp.assert_the_factors_multiply
[0m01:10:00.841590 [debug] [Thread-2 (]: Writing runtime sql for node "test.sdp.assert_the_factors_multiply"
[0m01:10:00.840778 [info ] [Thread-4 (]: 16 of 31 PASS assert_a_name_with_no_action_is_unadjusted ....................... [[32mPASS[0m in 0.02s]
[0m01:10:00.842072 [debug] [Thread-4 (]: Finished running node test.sdp.assert_a_name_with_no_action_is_unadjusted
[0m01:10:00.842314 [debug] [Thread-4 (]: Began running node test.sdp.assert_the_split_boundary_is_strict
[0m01:10:00.842534 [info ] [Thread-4 (]: 21 of 31 START test assert_the_split_boundary_is_strict ........................ [RUN]
[0m01:10:00.842807 [debug] [Thread-4 (]: Re-using an available connection from the pool (formerly test.sdp.assert_a_name_with_no_action_is_unadjusted, now test.sdp.assert_the_split_boundary_is_strict)
[0m01:10:00.843005 [debug] [Thread-4 (]: Began compiling node test.sdp.assert_the_split_boundary_is_strict
[0m01:10:00.843240 [debug] [Thread-1 (]: SQL status: OK in 0.011 seconds
[0m01:10:00.844214 [debug] [Thread-4 (]: Writing injected SQL for node "test.sdp.assert_the_split_boundary_is_strict"
[0m01:10:00.844540 [debug] [Thread-2 (]: Using duckdb connection "test.sdp.assert_the_factors_multiply"
[0m01:10:00.845563 [debug] [Thread-1 (]: On test.sdp.assert_prices_have_one_row_for_each_key: ROLLBACK
[0m01:10:00.845774 [debug] [Thread-2 (]: On test.sdp.assert_the_factors_multiply: BEGIN
[0m01:10:00.846166 [debug] [Thread-1 (]: On test.sdp.assert_prices_have_one_row_for_each_key: Close
[0m01:10:00.846390 [debug] [Thread-4 (]: Began executing node test.sdp.assert_the_split_boundary_is_strict
[0m01:10:00.846577 [debug] [Thread-2 (]: Opening a new connection, currently in state closed
[0m01:10:00.847433 [debug] [Thread-4 (]: Writing runtime sql for node "test.sdp.assert_the_split_boundary_is_strict"
[0m01:10:00.847708 [info ] [Thread-1 (]: 19 of 31 PASS assert_prices_have_one_row_for_each_key .......................... [[32mPASS[0m in 0.03s]
[0m01:10:00.847996 [debug] [Thread-3 (]: SQL status: OK in 0.018 seconds
[0m01:10:00.848238 [debug] [Thread-2 (]: SQL status: OK in 0.002 seconds
[0m01:10:00.848517 [debug] [Thread-1 (]: Finished running node test.sdp.assert_prices_have_one_row_for_each_key
[0m01:10:00.848769 [debug] [Thread-2 (]: Using duckdb connection "test.sdp.assert_the_factors_multiply"
[0m01:10:00.848983 [debug] [Thread-4 (]: Using duckdb connection "test.sdp.assert_the_split_boundary_is_strict"
[0m01:10:00.849192 [debug] [Thread-1 (]: Began running node test.sdp.not_null_stg_prices_adjusted_adj_close_split.6d993e4a7b
[0m01:10:00.849977 [debug] [Thread-3 (]: On test.sdp.assert_adjustment_removes_the_split_jump: ROLLBACK
[0m01:10:00.850197 [debug] [Thread-2 (]: On test.sdp.assert_the_factors_multiply: /* {"app": "dbt", "dbt_version": "1.12.3", "profile_name": "sdp", "target_name": "dev", "node_id": "test.sdp.assert_the_factors_multiply"} */

    
    select
      count(*) as failures,
      count(*) != 0 as should_warn,
      count(*) != 0 as should_error
    from (
      
    
  -- Splits and dividends are independent factors and they multiply. Two separate
-- as-of joins, then one product.
select ticker, date, split_factor, dividend_factor, total_factor
from "sdp"."main_staging"."stg_prices_adjusted"
where total_factor is distinct from (split_factor * dividend_factor)
   or adj_close_total is distinct from (close * split_factor * dividend_factor)
  
  
      
    ) dbt_internal_test
[0m01:10:00.850393 [debug] [Thread-4 (]: On test.sdp.assert_the_split_boundary_is_strict: BEGIN
[0m01:10:00.850579 [info ] [Thread-1 (]: 22 of 31 START test not_null_stg_prices_adjusted_adj_close_split ............... [RUN]
[0m01:10:00.850885 [debug] [Thread-4 (]: Opening a new connection, currently in state closed
[0m01:10:00.851059 [debug] [Thread-3 (]: On test.sdp.assert_adjustment_removes_the_split_jump: Close
[0m01:10:00.851274 [debug] [Thread-1 (]: Re-using an available connection from the pool (formerly test.sdp.assert_prices_have_one_row_for_each_key, now test.sdp.not_null_stg_prices_adjusted_adj_close_split.6d993e4a7b)
[0m01:10:00.851613 [debug] [Thread-4 (]: SQL status: OK in 0.001 seconds
[0m01:10:00.851878 [info ] [Thread-3 (]: 17 of 31 PASS assert_adjustment_removes_the_split_jump ......................... [[32mPASS[0m in 0.03s]
[0m01:10:00.852081 [debug] [Thread-1 (]: Began compiling node test.sdp.not_null_stg_prices_adjusted_adj_close_split.6d993e4a7b
[0m01:10:00.852261 [debug] [Thread-4 (]: Using duckdb connection "test.sdp.assert_the_split_boundary_is_strict"
[0m01:10:00.852518 [debug] [Thread-3 (]: Finished running node test.sdp.assert_adjustment_removes_the_split_jump
[0m01:10:00.852693 [debug] [Thread-2 (]: SQL status: OK in 0.002 seconds
[0m01:10:00.856316 [debug] [Thread-1 (]: Writing injected SQL for node "test.sdp.not_null_stg_prices_adjusted_adj_close_split.6d993e4a7b"
[0m01:10:00.856534 [debug] [Thread-4 (]: On test.sdp.assert_the_split_boundary_is_strict: /* {"app": "dbt", "dbt_version": "1.12.3", "profile_name": "sdp", "target_name": "dev", "node_id": "test.sdp.assert_the_split_boundary_is_strict"} */

    
    select
      count(*) as failures,
      count(*) != 0 as should_warn,
      count(*) != 0 as should_error
    from (
      
    
  -- A split applies overnight. On the execution date all trading is already
-- adjusted. The as-of join must therefore use a strict comparison. If it uses
-- ">=" then a bar on the execution date selects that same event.
select ticker, date, next_split_date
from "sdp"."main_staging"."stg_prices_adjusted"
where next_split_date is not null
  and next_split_date <= date
  
  
      
    ) dbt_internal_test
[0m01:10:00.856753 [debug] [Thread-3 (]: Began running node test.sdp.not_null_stg_prices_adjusted_date.6f72aaf846
[0m01:10:00.857544 [debug] [Thread-2 (]: On test.sdp.assert_the_factors_multiply: ROLLBACK
[0m01:10:00.857807 [info ] [Thread-3 (]: 23 of 31 START test not_null_stg_prices_adjusted_date .......................... [RUN]
[0m01:10:00.858236 [debug] [Thread-3 (]: Re-using an available connection from the pool (formerly test.sdp.assert_adjustment_removes_the_split_jump, now test.sdp.not_null_stg_prices_adjusted_date.6f72aaf846)
[0m01:10:00.858421 [debug] [Thread-1 (]: Began executing node test.sdp.not_null_stg_prices_adjusted_adj_close_split.6d993e4a7b
[0m01:10:00.858606 [debug] [Thread-3 (]: Began compiling node test.sdp.not_null_stg_prices_adjusted_date.6f72aaf846
[0m01:10:00.858782 [debug] [Thread-4 (]: SQL status: OK in 0.001 seconds
[0m01:10:00.858952 [debug] [Thread-2 (]: On test.sdp.assert_the_factors_multiply: Close
[0m01:10:00.859684 [debug] [Thread-1 (]: Writing runtime sql for node "test.sdp.not_null_stg_prices_adjusted_adj_close_split.6d993e4a7b"
[0m01:10:00.862998 [debug] [Thread-3 (]: Writing injected SQL for node "test.sdp.not_null_stg_prices_adjusted_date.6f72aaf846"
[0m01:10:00.863782 [debug] [Thread-4 (]: On test.sdp.assert_the_split_boundary_is_strict: ROLLBACK
[0m01:10:00.864047 [info ] [Thread-2 (]: 20 of 31 PASS assert_the_factors_multiply ...................................... [[32mPASS[0m in 0.03s]
[0m01:10:00.864443 [debug] [Thread-1 (]: Using duckdb connection "test.sdp.not_null_stg_prices_adjusted_adj_close_split.6d993e4a7b"
[0m01:10:00.864708 [debug] [Thread-2 (]: Finished running node test.sdp.assert_the_factors_multiply
[0m01:10:00.864876 [debug] [Thread-4 (]: On test.sdp.assert_the_split_boundary_is_strict: Close
[0m01:10:00.865076 [debug] [Thread-1 (]: On test.sdp.not_null_stg_prices_adjusted_adj_close_split.6d993e4a7b: BEGIN
[0m01:10:00.865255 [debug] [Thread-3 (]: Began executing node test.sdp.not_null_stg_prices_adjusted_date.6f72aaf846
[0m01:10:00.865440 [debug] [Thread-2 (]: Began running node test.sdp.not_null_stg_prices_adjusted_split_factor.de9f58b70d
[0m01:10:00.865718 [info ] [Thread-4 (]: 21 of 31 PASS assert_the_split_boundary_is_strict .............................. [[32mPASS[0m in 0.02s]
[0m01:10:00.865904 [debug] [Thread-1 (]: Opening a new connection, currently in state closed
[0m01:10:00.866616 [debug] [Thread-3 (]: Writing runtime sql for node "test.sdp.not_null_stg_prices_adjusted_date.6f72aaf846"
[0m01:10:00.866796 [info ] [Thread-2 (]: 24 of 31 START test not_null_stg_prices_adjusted_split_factor .................. [RUN]
[0m01:10:00.867050 [debug] [Thread-4 (]: Finished running node test.sdp.assert_the_split_boundary_is_strict
[0m01:10:00.867386 [debug] [Thread-2 (]: Re-using an available connection from the pool (formerly test.sdp.assert_the_factors_multiply, now test.sdp.not_null_stg_prices_adjusted_split_factor.de9f58b70d)
[0m01:10:00.867575 [debug] [Thread-1 (]: SQL status: OK in 0.002 seconds
[0m01:10:00.867781 [debug] [Thread-4 (]: Began running node test.sdp.not_null_stg_prices_adjusted_ticker.e603653604
[0m01:10:00.867964 [debug] [Thread-2 (]: Began compiling node test.sdp.not_null_stg_prices_adjusted_split_factor.de9f58b70d
[0m01:10:00.868155 [debug] [Thread-3 (]: Using duckdb connection "test.sdp.not_null_stg_prices_adjusted_date.6f72aaf846"
[0m01:10:00.868321 [debug] [Thread-1 (]: Using duckdb connection "test.sdp.not_null_stg_prices_adjusted_adj_close_split.6d993e4a7b"
[0m01:10:00.868491 [info ] [Thread-4 (]: 25 of 31 START test not_null_stg_prices_adjusted_ticker ........................ [RUN]
[0m01:10:00.872406 [debug] [Thread-2 (]: Writing injected SQL for node "test.sdp.not_null_stg_prices_adjusted_split_factor.de9f58b70d"
[0m01:10:00.872603 [debug] [Thread-3 (]: On test.sdp.not_null_stg_prices_adjusted_date.6f72aaf846: BEGIN
[0m01:10:00.872787 [debug] [Thread-1 (]: On test.sdp.not_null_stg_prices_adjusted_adj_close_split.6d993e4a7b: /* {"app": "dbt", "dbt_version": "1.12.3", "profile_name": "sdp", "target_name": "dev", "node_id": "test.sdp.not_null_stg_prices_adjusted_adj_close_split.6d993e4a7b"} */

    
    select
      count(*) as failures,
      count(*) != 0 as should_warn,
      count(*) != 0 as should_error
    from (
      
    
  
    
    



select adj_close_split
from "sdp"."main_staging"."stg_prices_adjusted"
where adj_close_split is null



  
  
      
    ) dbt_internal_test
[0m01:10:00.872995 [debug] [Thread-4 (]: Re-using an available connection from the pool (formerly test.sdp.assert_the_split_boundary_is_strict, now test.sdp.not_null_stg_prices_adjusted_ticker.e603653604)
[0m01:10:00.873199 [debug] [Thread-3 (]: Opening a new connection, currently in state closed
[0m01:10:00.873444 [debug] [Thread-4 (]: Began compiling node test.sdp.not_null_stg_prices_adjusted_ticker.e603653604
[0m01:10:00.876769 [debug] [Thread-4 (]: Writing injected SQL for node "test.sdp.not_null_stg_prices_adjusted_ticker.e603653604"
[0m01:10:00.876991 [debug] [Thread-2 (]: Began executing node test.sdp.not_null_stg_prices_adjusted_split_factor.de9f58b70d
[0m01:10:00.877171 [debug] [Thread-1 (]: SQL status: OK in 0.004 seconds
[0m01:10:00.877902 [debug] [Thread-2 (]: Writing runtime sql for node "test.sdp.not_null_stg_prices_adjusted_split_factor.de9f58b70d"
[0m01:10:00.878150 [debug] [Thread-3 (]: SQL status: OK in 0.005 seconds
[0m01:10:00.878843 [debug] [Thread-1 (]: On test.sdp.not_null_stg_prices_adjusted_adj_close_split.6d993e4a7b: ROLLBACK
[0m01:10:00.879034 [debug] [Thread-3 (]: Using duckdb connection "test.sdp.not_null_stg_prices_adjusted_date.6f72aaf846"
[0m01:10:00.879233 [debug] [Thread-4 (]: Began executing node test.sdp.not_null_stg_prices_adjusted_ticker.e603653604
[0m01:10:00.879452 [debug] [Thread-3 (]: On test.sdp.not_null_stg_prices_adjusted_date.6f72aaf846: /* {"app": "dbt", "dbt_version": "1.12.3", "profile_name": "sdp", "target_name": "dev", "node_id": "test.sdp.not_null_stg_prices_adjusted_date.6f72aaf846"} */

    
    select
      count(*) as failures,
      count(*) != 0 as should_warn,
      count(*) != 0 as should_error
    from (
      
    
  
    
    



select date
from "sdp"."main_staging"."stg_prices_adjusted"
where date is null



  
  
      
    ) dbt_internal_test
[0m01:10:00.880190 [debug] [Thread-4 (]: Writing runtime sql for node "test.sdp.not_null_stg_prices_adjusted_ticker.e603653604"
[0m01:10:00.880483 [debug] [Thread-2 (]: Using duckdb connection "test.sdp.not_null_stg_prices_adjusted_split_factor.de9f58b70d"
[0m01:10:00.880658 [debug] [Thread-1 (]: On test.sdp.not_null_stg_prices_adjusted_adj_close_split.6d993e4a7b: Close
[0m01:10:00.880910 [debug] [Thread-2 (]: On test.sdp.not_null_stg_prices_adjusted_split_factor.de9f58b70d: BEGIN
[0m01:10:00.881344 [debug] [Thread-3 (]: SQL status: OK in 0.001 seconds
[0m01:10:00.881198 [info ] [Thread-1 (]: 22 of 31 PASS not_null_stg_prices_adjusted_adj_close_split ..................... [[32mPASS[0m in 0.03s]
[0m01:10:00.881562 [debug] [Thread-2 (]: Opening a new connection, currently in state closed
[0m01:10:00.881799 [debug] [Thread-4 (]: Using duckdb connection "test.sdp.not_null_stg_prices_adjusted_ticker.e603653604"
[0m01:10:00.882045 [debug] [Thread-1 (]: Finished running node test.sdp.not_null_stg_prices_adjusted_adj_close_split.6d993e4a7b
[0m01:10:00.882727 [debug] [Thread-3 (]: On test.sdp.not_null_stg_prices_adjusted_date.6f72aaf846: ROLLBACK
[0m01:10:00.882949 [debug] [Thread-4 (]: On test.sdp.not_null_stg_prices_adjusted_ticker.e603653604: BEGIN
[0m01:10:00.883169 [debug] [Thread-2 (]: SQL status: OK in 0.002 seconds
[0m01:10:00.883356 [debug] [Thread-4 (]: Opening a new connection, currently in state closed
[0m01:10:00.883532 [debug] [Thread-2 (]: Using duckdb connection "test.sdp.not_null_stg_prices_adjusted_split_factor.de9f58b70d"
[0m01:10:00.883703 [debug] [Thread-3 (]: On test.sdp.not_null_stg_prices_adjusted_date.6f72aaf846: Close
[0m01:10:00.883923 [debug] [Thread-2 (]: On test.sdp.not_null_stg_prices_adjusted_split_factor.de9f58b70d: /* {"app": "dbt", "dbt_version": "1.12.3", "profile_name": "sdp", "target_name": "dev", "node_id": "test.sdp.not_null_stg_prices_adjusted_split_factor.de9f58b70d"} */

    
    select
      count(*) as failures,
      count(*) != 0 as should_warn,
      count(*) != 0 as should_error
    from (
      
    
  
    
    



select split_factor
from "sdp"."main_staging"."stg_prices_adjusted"
where split_factor is null



  
  
      
    ) dbt_internal_test
[0m01:10:00.884213 [info ] [Thread-3 (]: 23 of 31 PASS not_null_stg_prices_adjusted_date ................................ [[32mPASS[0m in 0.03s]
[0m01:10:00.884436 [debug] [Thread-4 (]: SQL status: OK in 0.001 seconds
[0m01:10:00.884732 [debug] [Thread-3 (]: Finished running node test.sdp.not_null_stg_prices_adjusted_date.6f72aaf846
[0m01:10:00.884896 [debug] [Thread-2 (]: SQL status: OK in 0.000 seconds
[0m01:10:00.885069 [debug] [Thread-4 (]: Using duckdb connection "test.sdp.not_null_stg_prices_adjusted_ticker.e603653604"
[0m01:10:00.885845 [debug] [Thread-2 (]: On test.sdp.not_null_stg_prices_adjusted_split_factor.de9f58b70d: ROLLBACK
[0m01:10:00.886036 [debug] [Thread-4 (]: On test.sdp.not_null_stg_prices_adjusted_ticker.e603653604: /* {"app": "dbt", "dbt_version": "1.12.3", "profile_name": "sdp", "target_name": "dev", "node_id": "test.sdp.not_null_stg_prices_adjusted_ticker.e603653604"} */

    
    select
      count(*) as failures,
      count(*) != 0 as should_warn,
      count(*) != 0 as should_error
    from (
      
    
  
    
    



select ticker
from "sdp"."main_staging"."stg_prices_adjusted"
where ticker is null



  
  
      
    ) dbt_internal_test
[0m01:10:00.886309 [debug] [Thread-2 (]: On test.sdp.not_null_stg_prices_adjusted_split_factor.de9f58b70d: Close
[0m01:10:00.886712 [debug] [Thread-4 (]: SQL status: OK in 0.000 seconds
[0m01:10:00.886575 [info ] [Thread-2 (]: 24 of 31 PASS not_null_stg_prices_adjusted_split_factor ........................ [[32mPASS[0m in 0.02s]
[0m01:10:00.887023 [debug] [Thread-2 (]: Finished running node test.sdp.not_null_stg_prices_adjusted_split_factor.de9f58b70d
[0m01:10:00.887692 [debug] [Thread-4 (]: On test.sdp.not_null_stg_prices_adjusted_ticker.e603653604: ROLLBACK
[0m01:10:00.887965 [debug] [Thread-4 (]: On test.sdp.not_null_stg_prices_adjusted_ticker.e603653604: Close
[0m01:10:00.888235 [info ] [Thread-4 (]: 25 of 31 PASS not_null_stg_prices_adjusted_ticker .............................. [[32mPASS[0m in 0.02s]
[0m01:10:00.888497 [debug] [Thread-4 (]: Finished running node test.sdp.not_null_stg_prices_adjusted_ticker.e603653604
[0m01:10:00.888780 [debug] [Thread-1 (]: Began running node model.sdp.stg_universe
[0m01:10:00.889018 [info ] [Thread-1 (]: 26 of 31 START sql table model main_staging.stg_universe ....................... [RUN]
[0m01:10:00.889282 [debug] [Thread-1 (]: Re-using an available connection from the pool (formerly test.sdp.not_null_stg_prices_adjusted_adj_close_split.6d993e4a7b, now model.sdp.stg_universe)
[0m01:10:00.889454 [debug] [Thread-1 (]: Began compiling node model.sdp.stg_universe
[0m01:10:00.891771 [debug] [Thread-1 (]: Writing injected SQL for node "model.sdp.stg_universe"
[0m01:10:00.892073 [debug] [Thread-1 (]: Began executing node model.sdp.stg_universe
[0m01:10:00.893456 [debug] [Thread-1 (]: Writing runtime sql for node "model.sdp.stg_universe"
[0m01:10:00.893749 [debug] [Thread-1 (]: Using duckdb connection "model.sdp.stg_universe"
[0m01:10:00.893919 [debug] [Thread-1 (]: On model.sdp.stg_universe: BEGIN
[0m01:10:00.894074 [debug] [Thread-1 (]: Opening a new connection, currently in state closed
[0m01:10:00.894324 [debug] [Thread-1 (]: SQL status: OK in 0.000 seconds
[0m01:10:00.894484 [debug] [Thread-1 (]: Using duckdb connection "model.sdp.stg_universe"
[0m01:10:00.894711 [debug] [Thread-1 (]: On model.sdp.stg_universe: /* {"app": "dbt", "dbt_version": "1.12.3", "profile_name": "sdp", "target_name": "dev", "node_id": "model.sdp.stg_universe"} */

    

    create  table
      "sdp"."main_staging"."stg_universe__dbt_tmp"
  
    
    as (
      

with reference as (

    select
        ticker,
        cast(date as date)      as date,
        name,
        type,
        primary_exchange,
        active,
        currency_name,
        cik,
        composite_figi,
        share_class_figi
    from read_parquet(
        '/Users/aray/strategic-data-platform/data/raw/massive_tickers/date=*/data.parquet',
        hive_partitioning = true
    )

), keyed as (

    select
        *,
        
        coalesce(
            share_class_figi,
            composite_figi,
            nullif(cik, '') || '.' || ticker,
            'TICKER.' || ticker
        ) as security_key,
        case
            when share_class_figi is not null then 'share_class_figi'
            when composite_figi   is not null then 'composite_figi'
            when nullif(cik, '')  is not null then 'cik_ticker'
            else 'ticker_only'
        end as key_rule
    from reference

), bars as (

    select
        ticker,
        date,
        close,
        dollar_volume
    from "sdp"."main_staging"."stg_prices_adjusted"

), liquidity as (

    select
        ticker,
        date,
        close,
        dollar_volume,
        avg(dollar_volume) over w      as adv,
        count(dollar_volume) over w    as days_in_window,
        count(*) over (
            partition by ticker order by date
            rows between unbounded preceding and current row
        )                              as bars_seen
    from bars
    window w as (
        partition by ticker order by date
        rows between 20 preceding and 1 preceding
    )

), joined as (

    select
        k.date,
        k.ticker,
        k.security_key,
        k.key_rule,
        k.name,
        k.type,
        k.primary_exchange,
        t.close,
        t.dollar_volume,
        t.adv,
        t.days_in_window,
        t.bars_seen,

        k.type in ('CS')
            and k.primary_exchange in ('XNYS','XNAS','XASE')
            and k.active                                    as passes_instrument,

        t.close        >= 5.0             as passes_price,
        t.adv          >= 1000000     as passes_adv,
        t.days_in_window >= 15  as passes_history,
        t.bars_seen    >= 60 as passes_seasoning

    from keyed k
    inner join liquidity t
        on k.ticker = t.ticker
       and k.date   = t.date

)

select
    *,
    coalesce(passes_price, false)
        and coalesce(passes_adv, false)
        and coalesce(passes_history, false)
        and coalesce(passes_seasoning, false)   as passes_liquidity,
    passes_instrument
        and coalesce(passes_price, false)
        and coalesce(passes_adv, false)
        and coalesce(passes_history, false)
        and coalesce(passes_seasoning, false)   as in_universe
from joined
    );
    
  
[0m01:10:00.978449 [debug] [Thread-1 (]: SQL status: OK in 0.083 seconds
[0m01:10:00.979212 [debug] [Thread-1 (]: Using duckdb connection "model.sdp.stg_universe"
[0m01:10:00.979402 [debug] [Thread-1 (]: On model.sdp.stg_universe: /* {"app": "dbt", "dbt_version": "1.12.3", "profile_name": "sdp", "target_name": "dev", "node_id": "model.sdp.stg_universe"} */

    SELECT index_name
    FROM duckdb_indexes()
    WHERE database_name = 'sdp'
      AND schema_name = 'main_staging'
      AND table_name = 'stg_universe'
  
[0m01:10:00.979868 [debug] [Thread-1 (]: SQL status: OK in 0.000 seconds
[0m01:10:00.981033 [debug] [Thread-1 (]: Using duckdb connection "model.sdp.stg_universe"
[0m01:10:00.981206 [debug] [Thread-1 (]: On model.sdp.stg_universe: /* {"app": "dbt", "dbt_version": "1.12.3", "profile_name": "sdp", "target_name": "dev", "node_id": "model.sdp.stg_universe"} */
alter table "sdp"."main_staging"."stg_universe" rename to "stg_universe__dbt_backup"
[0m01:10:00.981503 [debug] [Thread-1 (]: SQL status: OK in 0.000 seconds
[0m01:10:00.982508 [debug] [Thread-1 (]: Using duckdb connection "model.sdp.stg_universe"
[0m01:10:00.982681 [debug] [Thread-1 (]: On model.sdp.stg_universe: /* {"app": "dbt", "dbt_version": "1.12.3", "profile_name": "sdp", "target_name": "dev", "node_id": "model.sdp.stg_universe"} */
alter table "sdp"."main_staging"."stg_universe__dbt_tmp" rename to "stg_universe"
[0m01:10:00.982955 [debug] [Thread-1 (]: SQL status: OK in 0.000 seconds
[0m01:10:00.983687 [debug] [Thread-1 (]: On model.sdp.stg_universe: COMMIT
[0m01:10:00.983857 [debug] [Thread-1 (]: Using duckdb connection "model.sdp.stg_universe"
[0m01:10:00.984010 [debug] [Thread-1 (]: On model.sdp.stg_universe: COMMIT
[0m01:10:01.183405 [debug] [Thread-1 (]: SQL status: OK in 0.199 seconds
[0m01:10:01.184316 [debug] [Thread-1 (]: Using duckdb connection "model.sdp.stg_universe"
[0m01:10:01.184502 [debug] [Thread-1 (]: On model.sdp.stg_universe: /* {"app": "dbt", "dbt_version": "1.12.3", "profile_name": "sdp", "target_name": "dev", "node_id": "model.sdp.stg_universe"} */

      drop table if exists "sdp"."main_staging"."stg_universe__dbt_backup" cascade
    
[0m01:10:01.185098 [debug] [Thread-1 (]: SQL status: OK in 0.000 seconds
[0m01:10:01.185841 [debug] [Thread-1 (]: On model.sdp.stg_universe: Close
[0m01:10:01.186155 [debug] [Thread-1 (]: Sending event: {'category': 'dbt', 'action': 'run_model', 'label': '85744f2b-af7e-4f72-bb0c-376ee5e1413e', 'context': [<snowplow_tracker.self_describing_json.SelfDescribingJson object at 0x109e015e0>]}
[0m01:10:01.186460 [info ] [Thread-1 (]: 26 of 31 OK created sql table model main_staging.stg_universe .................. [[32mOK[0m in 0.30s]
[0m01:10:01.186731 [debug] [Thread-1 (]: Finished running node model.sdp.stg_universe
[0m01:10:01.187095 [debug] [Thread-2 (]: Began running node test.sdp.accepted_values_stg_universe_key_rule__share_class_figi__composite_figi__cik_ticker__ticker_only.1b4657682b
[0m01:10:01.187294 [debug] [Thread-4 (]: Began running node test.sdp.assert_the_liquidity_window_ends_before_the_date
[0m01:10:01.187492 [debug] [Thread-3 (]: Began running node test.sdp.not_null_stg_universe_date.ba8068f008
[0m01:10:01.187675 [info ] [Thread-2 (]: 27 of 31 START test accepted_values_stg_universe_key_rule__share_class_figi__composite_figi__cik_ticker__ticker_only  [RUN]
[0m01:10:01.187887 [debug] [Thread-1 (]: Began running node test.sdp.not_null_stg_universe_security_key.a361ffe401
[0m01:10:01.188056 [info ] [Thread-4 (]: 28 of 31 START test assert_the_liquidity_window_ends_before_the_date ........... [RUN]
[0m01:10:01.188245 [info ] [Thread-3 (]: 29 of 31 START test not_null_stg_universe_date ................................. [RUN]
[0m01:10:01.188478 [debug] [Thread-2 (]: Re-using an available connection from the pool (formerly test.sdp.not_null_stg_prices_adjusted_split_factor.de9f58b70d, now test.sdp.accepted_values_stg_universe_key_rule__share_class_figi__composite_figi__cik_ticker__ticker_only.1b4657682b)
[0m01:10:01.188660 [info ] [Thread-1 (]: 30 of 31 START test not_null_stg_universe_security_key ......................... [RUN]
[0m01:10:01.188869 [debug] [Thread-4 (]: Re-using an available connection from the pool (formerly test.sdp.not_null_stg_prices_adjusted_ticker.e603653604, now test.sdp.assert_the_liquidity_window_ends_before_the_date)
[0m01:10:01.189075 [debug] [Thread-3 (]: Re-using an available connection from the pool (formerly test.sdp.not_null_stg_prices_adjusted_date.6f72aaf846, now test.sdp.not_null_stg_universe_date.ba8068f008)
[0m01:10:01.189256 [debug] [Thread-2 (]: Began compiling node test.sdp.accepted_values_stg_universe_key_rule__share_class_figi__composite_figi__cik_ticker__ticker_only.1b4657682b
[0m01:10:01.189446 [debug] [Thread-1 (]: Re-using an available connection from the pool (formerly model.sdp.stg_universe, now test.sdp.not_null_stg_universe_security_key.a361ffe401)
[0m01:10:01.189612 [debug] [Thread-4 (]: Began compiling node test.sdp.assert_the_liquidity_window_ends_before_the_date
[0m01:10:01.189776 [debug] [Thread-3 (]: Began compiling node test.sdp.not_null_stg_universe_date.ba8068f008
[0m01:10:01.202145 [debug] [Thread-2 (]: Writing injected SQL for node "test.sdp.accepted_values_stg_universe_key_rule__share_class_figi__composite_figi__cik_ticker__ticker_only.1b4657682b"
[0m01:10:01.202340 [debug] [Thread-1 (]: Began compiling node test.sdp.not_null_stg_universe_security_key.a361ffe401
[0m01:10:01.203332 [debug] [Thread-4 (]: Writing injected SQL for node "test.sdp.assert_the_liquidity_window_ends_before_the_date"
[0m01:10:01.206889 [debug] [Thread-3 (]: Writing injected SQL for node "test.sdp.not_null_stg_universe_date.ba8068f008"
[0m01:10:01.210171 [debug] [Thread-1 (]: Writing injected SQL for node "test.sdp.not_null_stg_universe_security_key.a361ffe401"
[0m01:10:01.211101 [debug] [Thread-4 (]: Began executing node test.sdp.assert_the_liquidity_window_ends_before_the_date
[0m01:10:01.211371 [debug] [Thread-3 (]: Began executing node test.sdp.not_null_stg_universe_date.ba8068f008
[0m01:10:01.211581 [debug] [Thread-2 (]: Began executing node test.sdp.accepted_values_stg_universe_key_rule__share_class_figi__composite_figi__cik_ticker__ticker_only.1b4657682b
[0m01:10:01.211759 [debug] [Thread-1 (]: Began executing node test.sdp.not_null_stg_universe_security_key.a361ffe401
[0m01:10:01.212516 [debug] [Thread-4 (]: Writing runtime sql for node "test.sdp.assert_the_liquidity_window_ends_before_the_date"
[0m01:10:01.213266 [debug] [Thread-3 (]: Writing runtime sql for node "test.sdp.not_null_stg_universe_date.ba8068f008"
[0m01:10:01.213979 [debug] [Thread-2 (]: Writing runtime sql for node "test.sdp.accepted_values_stg_universe_key_rule__share_class_figi__composite_figi__cik_ticker__ticker_only.1b4657682b"
[0m01:10:01.214647 [debug] [Thread-1 (]: Writing runtime sql for node "test.sdp.not_null_stg_universe_security_key.a361ffe401"
[0m01:10:01.215061 [debug] [Thread-4 (]: Using duckdb connection "test.sdp.assert_the_liquidity_window_ends_before_the_date"
[0m01:10:01.215332 [debug] [Thread-3 (]: Using duckdb connection "test.sdp.not_null_stg_universe_date.ba8068f008"
[0m01:10:01.215543 [debug] [Thread-4 (]: On test.sdp.assert_the_liquidity_window_ends_before_the_date: BEGIN
[0m01:10:01.215767 [debug] [Thread-3 (]: On test.sdp.not_null_stg_universe_date.ba8068f008: BEGIN
[0m01:10:01.216029 [debug] [Thread-1 (]: Using duckdb connection "test.sdp.not_null_stg_universe_security_key.a361ffe401"
[0m01:10:01.216223 [debug] [Thread-2 (]: Using duckdb connection "test.sdp.accepted_values_stg_universe_key_rule__share_class_figi__composite_figi__cik_ticker__ticker_only.1b4657682b"
[0m01:10:01.216391 [debug] [Thread-4 (]: Opening a new connection, currently in state closed
[0m01:10:01.216559 [debug] [Thread-3 (]: Opening a new connection, currently in state closed
[0m01:10:01.216726 [debug] [Thread-1 (]: On test.sdp.not_null_stg_universe_security_key.a361ffe401: BEGIN
[0m01:10:01.216901 [debug] [Thread-2 (]: On test.sdp.accepted_values_stg_universe_key_rule__share_class_figi__composite_figi__cik_ticker__ticker_only.1b4657682b: BEGIN
[0m01:10:01.217219 [debug] [Thread-1 (]: Opening a new connection, currently in state closed
[0m01:10:01.217435 [debug] [Thread-2 (]: Opening a new connection, currently in state closed
[0m01:10:01.217601 [debug] [Thread-4 (]: SQL status: OK in 0.001 seconds
[0m01:10:01.217764 [debug] [Thread-3 (]: SQL status: OK in 0.001 seconds
[0m01:10:01.218024 [debug] [Thread-4 (]: Using duckdb connection "test.sdp.assert_the_liquidity_window_ends_before_the_date"
[0m01:10:01.218215 [debug] [Thread-3 (]: Using duckdb connection "test.sdp.not_null_stg_universe_date.ba8068f008"
[0m01:10:01.218370 [debug] [Thread-1 (]: SQL status: OK in 0.001 seconds
[0m01:10:01.218538 [debug] [Thread-2 (]: SQL status: OK in 0.001 seconds
[0m01:10:01.218716 [debug] [Thread-4 (]: On test.sdp.assert_the_liquidity_window_ends_before_the_date: /* {"app": "dbt", "dbt_version": "1.12.3", "profile_name": "sdp", "target_name": "dev", "node_id": "test.sdp.assert_the_liquidity_window_ends_before_the_date"} */

    
    select
      count(*) as failures,
      count(*) != 0 as should_warn,
      count(*) != 0 as should_error
    from (
      
    
  -- The trailing window must end at D-1. A window that includes D uses the volume
-- of the day on which the position opens, which the strategy cannot know.
-- This test recomputes the average a second time and compares. A change of the
-- frame to "current row" makes it fail on almost every row.
with recomputed as (
    select
        ticker,
        date,
        avg(dollar_volume) over (
            partition by ticker order by date
            rows between 20 preceding and 1 preceding
        ) as adv_excluding_today
    from "sdp"."main_staging"."stg_prices_adjusted"
)
select u.ticker, u.date, u.adv, r.adv_excluding_today
from "sdp"."main_staging"."stg_universe" u
join recomputed r
  on u.ticker = r.ticker
 and u.date   = r.date
where u.adv is distinct from r.adv_excluding_today
  
  
      
    ) dbt_internal_test
[0m01:10:01.218912 [debug] [Thread-3 (]: On test.sdp.not_null_stg_universe_date.ba8068f008: /* {"app": "dbt", "dbt_version": "1.12.3", "profile_name": "sdp", "target_name": "dev", "node_id": "test.sdp.not_null_stg_universe_date.ba8068f008"} */

    
    select
      count(*) as failures,
      count(*) != 0 as should_warn,
      count(*) != 0 as should_error
    from (
      
    
  
    
    



select date
from "sdp"."main_staging"."stg_universe"
where date is null



  
  
      
    ) dbt_internal_test
[0m01:10:01.219079 [debug] [Thread-1 (]: Using duckdb connection "test.sdp.not_null_stg_universe_security_key.a361ffe401"
[0m01:10:01.219244 [debug] [Thread-2 (]: Using duckdb connection "test.sdp.accepted_values_stg_universe_key_rule__share_class_figi__composite_figi__cik_ticker__ticker_only.1b4657682b"
[0m01:10:01.219572 [debug] [Thread-1 (]: On test.sdp.not_null_stg_universe_security_key.a361ffe401: /* {"app": "dbt", "dbt_version": "1.12.3", "profile_name": "sdp", "target_name": "dev", "node_id": "test.sdp.not_null_stg_universe_security_key.a361ffe401"} */

    
    select
      count(*) as failures,
      count(*) != 0 as should_warn,
      count(*) != 0 as should_error
    from (
      
    
  
    
    



select security_key
from "sdp"."main_staging"."stg_universe"
where security_key is null



  
  
      
    ) dbt_internal_test
[0m01:10:01.219836 [debug] [Thread-2 (]: On test.sdp.accepted_values_stg_universe_key_rule__share_class_figi__composite_figi__cik_ticker__ticker_only.1b4657682b: /* {"app": "dbt", "dbt_version": "1.12.3", "profile_name": "sdp", "target_name": "dev", "node_id": "test.sdp.accepted_values_stg_universe_key_rule__share_class_figi__composite_figi__cik_ticker__ticker_only.1b4657682b"} */

    
    select
      count(*) as failures,
      count(*) != 0 as should_warn,
      count(*) != 0 as should_error
    from (
      
    
  
    
    

with all_values as (

    select
        key_rule as value_field,
        count(*) as n_records

    from "sdp"."main_staging"."stg_universe"
    group by key_rule

)

select *
from all_values
where value_field not in (
    'share_class_figi','composite_figi','cik_ticker','ticker_only'
)



  
  
      
    ) dbt_internal_test
[0m01:10:01.220289 [debug] [Thread-3 (]: SQL status: OK in 0.001 seconds
[0m01:10:01.220613 [debug] [Thread-1 (]: SQL status: OK in 0.001 seconds
[0m01:10:01.221632 [debug] [Thread-3 (]: On test.sdp.not_null_stg_universe_date.ba8068f008: ROLLBACK
[0m01:10:01.222527 [debug] [Thread-1 (]: On test.sdp.not_null_stg_universe_security_key.a361ffe401: ROLLBACK
[0m01:10:01.222754 [debug] [Thread-3 (]: On test.sdp.not_null_stg_universe_date.ba8068f008: Close
[0m01:10:01.223010 [debug] [Thread-2 (]: SQL status: OK in 0.002 seconds
[0m01:10:01.223268 [debug] [Thread-1 (]: On test.sdp.not_null_stg_universe_security_key.a361ffe401: Close
[0m01:10:01.223574 [info ] [Thread-3 (]: 29 of 31 PASS not_null_stg_universe_date ....................................... [[32mPASS[0m in 0.03s]
[0m01:10:01.224349 [debug] [Thread-2 (]: On test.sdp.accepted_values_stg_universe_key_rule__share_class_figi__composite_figi__cik_ticker__ticker_only.1b4657682b: ROLLBACK
[0m01:10:01.224913 [debug] [Thread-3 (]: Finished running node test.sdp.not_null_stg_universe_date.ba8068f008
[0m01:10:01.224636 [info ] [Thread-1 (]: 30 of 31 PASS not_null_stg_universe_security_key ............................... [[32mPASS[0m in 0.04s]
[0m01:10:01.225285 [debug] [Thread-3 (]: Began running node test.sdp.not_null_stg_universe_ticker.d0f2f9b0fa
[0m01:10:01.225663 [debug] [Thread-1 (]: Finished running node test.sdp.not_null_stg_universe_security_key.a361ffe401
[0m01:10:01.226135 [debug] [Thread-2 (]: On test.sdp.accepted_values_stg_universe_key_rule__share_class_figi__composite_figi__cik_ticker__ticker_only.1b4657682b: Close
[0m01:10:01.226478 [info ] [Thread-3 (]: 31 of 31 START test not_null_stg_universe_ticker ............................... [RUN]
[0m01:10:01.226975 [debug] [Thread-3 (]: Re-using an available connection from the pool (formerly test.sdp.not_null_stg_universe_date.ba8068f008, now test.sdp.not_null_stg_universe_ticker.d0f2f9b0fa)
[0m01:10:01.227547 [debug] [Thread-3 (]: Began compiling node test.sdp.not_null_stg_universe_ticker.d0f2f9b0fa
[0m01:10:01.227343 [info ] [Thread-2 (]: 27 of 31 PASS accepted_values_stg_universe_key_rule__share_class_figi__composite_figi__cik_ticker__ticker_only  [[32mPASS[0m in 0.04s]
[0m01:10:01.231698 [debug] [Thread-3 (]: Writing injected SQL for node "test.sdp.not_null_stg_universe_ticker.d0f2f9b0fa"
[0m01:10:01.232187 [debug] [Thread-2 (]: Finished running node test.sdp.accepted_values_stg_universe_key_rule__share_class_figi__composite_figi__cik_ticker__ticker_only.1b4657682b
[0m01:10:01.232637 [debug] [Thread-3 (]: Began executing node test.sdp.not_null_stg_universe_ticker.d0f2f9b0fa
[0m01:10:01.233487 [debug] [Thread-3 (]: Writing runtime sql for node "test.sdp.not_null_stg_universe_ticker.d0f2f9b0fa"
[0m01:10:01.233866 [debug] [Thread-3 (]: Using duckdb connection "test.sdp.not_null_stg_universe_ticker.d0f2f9b0fa"
[0m01:10:01.234053 [debug] [Thread-3 (]: On test.sdp.not_null_stg_universe_ticker.d0f2f9b0fa: BEGIN
[0m01:10:01.234222 [debug] [Thread-3 (]: Opening a new connection, currently in state closed
[0m01:10:01.234556 [debug] [Thread-3 (]: SQL status: OK in 0.000 seconds
[0m01:10:01.234733 [debug] [Thread-3 (]: Using duckdb connection "test.sdp.not_null_stg_universe_ticker.d0f2f9b0fa"
[0m01:10:01.234906 [debug] [Thread-3 (]: On test.sdp.not_null_stg_universe_ticker.d0f2f9b0fa: /* {"app": "dbt", "dbt_version": "1.12.3", "profile_name": "sdp", "target_name": "dev", "node_id": "test.sdp.not_null_stg_universe_ticker.d0f2f9b0fa"} */

    
    select
      count(*) as failures,
      count(*) != 0 as should_warn,
      count(*) != 0 as should_error
    from (
      
    
  
    
    



select ticker
from "sdp"."main_staging"."stg_universe"
where ticker is null



  
  
      
    ) dbt_internal_test
[0m01:10:01.235403 [debug] [Thread-3 (]: SQL status: OK in 0.000 seconds
[0m01:10:01.236233 [debug] [Thread-3 (]: On test.sdp.not_null_stg_universe_ticker.d0f2f9b0fa: ROLLBACK
[0m01:10:01.236500 [debug] [Thread-3 (]: On test.sdp.not_null_stg_universe_ticker.d0f2f9b0fa: Close
[0m01:10:01.236799 [info ] [Thread-3 (]: 31 of 31 PASS not_null_stg_universe_ticker ..................................... [[32mPASS[0m in 0.01s]
[0m01:10:01.237079 [debug] [Thread-3 (]: Finished running node test.sdp.not_null_stg_universe_ticker.d0f2f9b0fa
[0m01:10:01.239286 [debug] [Thread-4 (]: SQL status: OK in 0.020 seconds
[0m01:10:01.240433 [debug] [Thread-4 (]: On test.sdp.assert_the_liquidity_window_ends_before_the_date: ROLLBACK
[0m01:10:01.240707 [debug] [Thread-4 (]: On test.sdp.assert_the_liquidity_window_ends_before_the_date: Close
[0m01:10:01.240992 [info ] [Thread-4 (]: 28 of 31 PASS assert_the_liquidity_window_ends_before_the_date ................. [[32mPASS[0m in 0.05s]
[0m01:10:01.241258 [debug] [Thread-4 (]: Finished running node test.sdp.assert_the_liquidity_window_ends_before_the_date
[0m01:10:01.241868 [debug] [MainThread]: Using duckdb connection "master"
[0m01:10:01.242039 [debug] [MainThread]: On master: BEGIN
[0m01:10:01.242177 [debug] [MainThread]: Opening a new connection, currently in state closed
[0m01:10:01.242409 [debug] [MainThread]: SQL status: OK in 0.000 seconds
[0m01:10:01.242559 [debug] [MainThread]: On master: COMMIT
[0m01:10:01.242697 [debug] [MainThread]: Using duckdb connection "master"
[0m01:10:01.242822 [debug] [MainThread]: On master: COMMIT
[0m01:10:01.243026 [debug] [MainThread]: SQL status: OK in 0.000 seconds
[0m01:10:01.243171 [debug] [MainThread]: On master: Close
[0m01:10:01.243352 [debug] [MainThread]: Connection 'master' was properly closed.
[0m01:10:01.243478 [debug] [MainThread]: Connection 'test.sdp.not_null_stg_universe_security_key.a361ffe401' was properly closed.
[0m01:10:01.243597 [debug] [MainThread]: Connection 'test.sdp.accepted_values_stg_universe_key_rule__share_class_figi__composite_figi__cik_ticker__ticker_only.1b4657682b' was properly closed.
[0m01:10:01.243711 [debug] [MainThread]: Connection 'test.sdp.assert_the_liquidity_window_ends_before_the_date' was properly closed.
[0m01:10:01.243826 [debug] [MainThread]: Connection 'test.sdp.not_null_stg_universe_ticker.d0f2f9b0fa' was properly closed.
[0m01:10:01.243988 [info ] [MainThread]: 
[0m01:10:01.244139 [info ] [MainThread]: Finished running 4 table models, 27 data tests in 0 hours 0 minutes and 1.21 seconds (1.21s).
[0m01:10:01.245998 [debug] [MainThread]: Command end result
[0m01:10:01.266251 [debug] [MainThread]: Wrote artifact WritableManifest to /Users/aray/strategic-data-platform/transform/target/manifest.json
[0m01:10:01.267652 [debug] [MainThread]: Wrote artifact SemanticManifest to /Users/aray/strategic-data-platform/transform/target/semantic_manifest.json
[0m01:10:01.268987 [debug] [MainThread]: Wrote artifact OsiDocument to /Users/aray/strategic-data-platform/transform/target/osi_document.json
[0m01:10:01.273785 [debug] [MainThread]: Wrote artifact RunExecutionResult to /Users/aray/strategic-data-platform/transform/target/run_results.json
[0m01:10:01.273957 [info ] [MainThread]: 
[0m01:10:01.274127 [info ] [MainThread]: [32mCompleted successfully[0m
[0m01:10:01.274278 [info ] [MainThread]: 
[0m01:10:01.274442 [info ] [MainThread]: Done. PASS=31 WARN=0 ERROR=0 SKIP=0 NO-OP=0 REUSED=0 TOTAL=31
[0m01:10:01.275380 [debug] [MainThread]: Resource report: {"command_name": "build", "command_success": true, "command_wall_clock_time": 1.9754477, "process_in_blocks": "0", "process_kernel_time": 0.361156, "process_mem_max_rss": "583172096", "process_out_blocks": "0", "process_user_time": 4.231149}
[0m01:10:01.275602 [debug] [MainThread]: Command `dbt build` succeeded at 01:10:01.275563 after 1.98 seconds
[0m01:10:01.275774 [debug] [MainThread]: Sending event: {'category': 'dbt', 'action': 'invocation', 'label': 'end', 'context': [<snowplow_tracker.self_describing_json.SelfDescribingJson object at 0x1088351f0>, <snowplow_tracker.self_describing_json.SelfDescribingJson object at 0x1085cf620>, <snowplow_tracker.self_describing_json.SelfDescribingJson object at 0x108c45cd0>]}
[0m01:10:01.275947 [debug] [MainThread]: Flushing usage events
[0m01:10:01.821426 [debug] [MainThread]: An error was encountered while trying to flush usage events
